area_name_en,year_month,meter_sale_price
Al Barsha South Fifth,2016-01-01,7396.47
Al Hebiah Fourth,2016-01-01,10464.54
Madinat Al Mataar,2016-01-01,15643.235
Wadi Al Safa 5,2016-01-01,7250.13
Al Khairan First,2016-01-01,13896.45
Al Barsha South Fourth,2016-01-01,9687.52
Al Merkadh,2016-01-01,17229.25
Al Thanyah Fifth,2016-01-01,11323.02
Marsa Dubai,2016-01-01,13238.66
Nadd Hessa,2016-01-01,8742.31
Jabal Ali First,2016-01-01,7675.44
Al Yelayiss 2,2016-01-01,9272.94
Burj Khalifa,2016-01-01,17224.23
Business Bay,2016-01-01,19379.074999999997
Me'Aisem First,2016-01-01,9706.64
Hadaeq Sheikh Mohammed Bin Rashid,2016-01-01,13900.55
Al Barshaa South Third,2016-01-01,9485.97
Al Khairan First,2016-02-01,14827.12
Wadi Al Safa 5,2016-02-01,7373.25
Business Bay,2016-02-01,19374.39
Burj Khalifa,2016-02-01,20960.33
Al Yelayiss 2,2016-02-01,9783.84
Jabal Ali First,2016-02-01,9647.619999999999
Al Hebiah Fourth,2016-02-01,9563.77
Al Barsha South Fourth,2016-02-01,9418.43
Al Thanyah Fifth,2016-02-01,10502.630000000001
Al Barsha South Fifth,2016-02-01,7534.66
Me'Aisem First,2016-02-01,10548.17
Hadaeq Sheikh Mohammed Bin Rashid,2016-02-01,14996.69
Al Barshaa South Third,2016-02-01,9312.21
Nadd Hessa,2016-02-01,9143.415
Marsa Dubai,2016-02-01,13516.83
Madinat Al Mataar,2016-02-01,13982.439999999999
Madinat Dubai Almelaheyah,2016-02-01,22604.2
Jabal Ali First,2016-03-01,9416.55
Wadi Al Safa 5,2016-03-01,7225.61
Al Yelayiss 2,2016-03-01,11276.654999999999
Al Khairan First,2016-03-01,14609.69
Marsa Dubai,2016-03-01,13882.41
Burj Khalifa,2016-03-01,17388.84
Madinat Dubai Almelaheyah,2016-03-01,23680.58
Nadd Hessa,2016-03-01,8868.849999999999
Al Barsha South Fourth,2016-03-01,9041.59
Al Thanyah Fifth,2016-03-01,10705.84
Hadaeq Sheikh Mohammed Bin Rashid,2016-03-01,14555.23
Al Hebiah Fourth,2016-03-01,9748.43
Al Barsha South Fifth,2016-03-01,9590.99
Business Bay,2016-03-01,16481.145
Al Barshaa South Third,2016-03-01,9185.505
Me'Aisem First,2016-03-01,10030.154999999999
Wadi Al Safa 5,2016-04-01,7344.09
Al Barsha South Fourth,2016-04-01,9687.48
Jabal Ali First,2016-04-01,12098.71
Al Hebiah Fourth,2016-04-01,9702.58
Al Barshaa South Third,2016-04-01,7395.545
Nadd Hessa,2016-04-01,9032.705000000002
Madinat Dubai Almelaheyah,2016-04-01,23680.58
Al Yelayiss 2,2016-04-01,10638.75
Me'Aisem First,2016-04-01,9657.12
Al Khairan First,2016-04-01,15083.34
Marsa Dubai,2016-04-01,14306.195
Al Barsha South Fifth,2016-04-01,10710.755000000001
Business Bay,2016-04-01,19716.98
Burj Khalifa,2016-04-01,20472.68
Hadaeq Sheikh Mohammed Bin Rashid,2016-04-01,14892.38
Madinat Al Mataar,2016-04-01,10292.369999999999
Al Thanyah Fifth,2016-04-01,11328.115000000002
Me'Aisem First,2016-05-01,9534.915
Madinat Dubai Almelaheyah,2016-05-01,23680.58
Al Thanyah Fifth,2016-05-01,11463.19
Marsa Dubai,2016-05-01,14128.04
Hadaeq Sheikh Mohammed Bin Rashid,2016-05-01,14137.52
Al Barshaa South Third,2016-05-01,5046.26
Jabal Ali First,2016-05-01,11721.85
Nadd Hessa,2016-05-01,9277.555
Madinat Al Mataar,2016-05-01,8947.2
Wadi Al Safa 5,2016-05-01,7714.165
Al Hebiah Fourth,2016-05-01,9399.76
Al Barsha South Fourth,2016-05-01,8710.95
Burj Khalifa,2016-05-01,20910.14
Al Barsha South Fifth,2016-05-01,11529.295
Al Yelayiss 2,2016-05-01,10244.64
Business Bay,2016-05-01,15301.32
Al Khairan First,2016-05-01,15146.005000000001
Nadd Hessa,2016-06-01,9228.74
Al Barshaa South Third,2016-06-01,9687.63
Wadi Al Safa 5,2016-06-01,7898.475
Madinat Al Mataar,2016-06-01,9132.17
Al Hebiah Fourth,2016-06-01,9420.47
Al Barsha South Fourth,2016-06-01,9008.665
Al Barsha South Fifth,2016-06-01,10764.04
Al Thanyah Fifth,2016-06-01,11572.255000000001
Al Khairan First,2016-06-01,15036.72
Marsa Dubai,2016-06-01,16180.18
Burj Khalifa,2016-06-01,17099.905
Al Yelayiss 2,2016-06-01,10080.345000000001
Business Bay,2016-06-01,15512.49
Jabal Ali First,2016-06-01,9803.735
Hadaeq Sheikh Mohammed Bin Rashid,2016-06-01,14409.53
Me'Aisem First,2016-06-01,9686.765
Burj Khalifa,2016-07-01,29383.33
Al Yelayiss 2,2016-07-01,10130.94
Al Barshaa South Third,2016-07-01,10061.79
Hadaeq Sheikh Mohammed Bin Rashid,2016-07-01,14984.145
Al Barsha South Fourth,2016-07-01,9149.3
Madinat Al Mataar,2016-07-01,9180.205
Jabal Ali First,2016-07-01,12219.1
Al Barsha South Fifth,2016-07-01,10712.9
Al Hebiah Fourth,2016-07-01,10071.09
Al Khairan First,2016-07-01,14903.49
Al Thanyah Fifth,2016-07-01,11165.535
Nadd Hessa,2016-07-01,8786.43
Marsa Dubai,2016-07-01,16196.91
Wadi Al Safa 5,2016-07-01,7481.58
Me'Aisem First,2016-07-01,9744.01
Business Bay,2016-07-01,17290.66
Business Bay,2016-08-01,17915.53
Marsa Dubai,2016-08-01,16388.48
Burj Khalifa,2016-08-01,26961.39
Al Yelayiss 2,2016-08-01,9980.33
Nadd Hessa,2016-08-01,8929.82
Al Khairan First,2016-08-01,14970.235
Wadi Al Safa 5,2016-08-01,7111.19
Al Merkadh,2016-08-01,15833.0
Al Thanyah Fifth,2016-08-01,11519.61
Al Barsha South Fourth,2016-08-01,9590.945
Me'Aisem First,2016-08-01,9897.53
Jabal Ali First,2016-08-01,11960.68
Madinat Al Mataar,2016-08-01,8739.775
Al Barshaa South Third,2016-08-01,10581.01
Hadaeq Sheikh Mohammed Bin Rashid,2016-08-01,11871.119999999999
Al Barsha South Fifth,2016-08-01,11025.915
Al Hebiah Fourth,2016-08-01,9909.525
Al Barshaa South Third,2016-09-01,11818.86
Me'Aisem First,2016-09-01,9532.675
Business Bay,2016-09-01,16709.84
Al Hebiah Fourth,2016-09-01,9989.07
Madinat Al Mataar,2016-09-01,8730.87
Burj Khalifa,2016-09-01,18509.945
Marsa Dubai,2016-09-01,13285.23
Al Khairan First,2016-09-01,16155.66
Al Yelayiss 2,2016-09-01,10366.61
Wadi Al Safa 5,2016-09-01,7506.48
Al Thanyah Fifth,2016-09-01,12422.92
Al Barsha South Fourth,2016-09-01,9243.1
Hadaeq Sheikh Mohammed Bin Rashid,2016-09-01,11072.45
Jabal Ali First,2016-09-01,9896.11
Nadd Hessa,2016-09-01,8283.0
Al Barsha South Fifth,2016-09-01,10763.884999999998
Al Merkadh,2016-09-01,15836.43
Madinat Dubai Almelaheyah,2016-10-01,23680.58
Business Bay,2016-10-01,16795.26
Al Yelayiss 2,2016-10-01,10001.395
Me'Aisem First,2016-10-01,10201.11
Al Thanyah Fifth,2016-10-01,11137.39
Al Barshaa South Third,2016-10-01,9743.91
Al Barsha South Fifth,2016-10-01,10867.735
Al Merkadh,2016-10-01,15491.06
Nadd Hessa,2016-10-01,9152.15
Marsa Dubai,2016-10-01,14037.68
Al Hebiah Fourth,2016-10-01,10764.14
Al Khairan First,2016-10-01,14198.09
Madinat Al Mataar,2016-10-01,8992.865
Al Barsha South Fourth,2016-10-01,9706.27
Burj Khalifa,2016-10-01,15146.42
Jabal Ali First,2016-10-01,9877.68
Wadi Al Safa 5,2016-10-01,6995.57
Al Barshaa South Third,2016-11-01,11474.42
Al Yelayiss 2,2016-11-01,10433.654999999999
Me'Aisem First,2016-11-01,9548.61
Business Bay,2016-11-01,17323.19
Al Hebiah Fourth,2016-11-01,10497.485
Madinat Al Mataar,2016-11-01,9177.53
Burj Khalifa,2016-11-01,16431.775
Hadaeq Sheikh Mohammed Bin Rashid,2016-11-01,10574.48
Al Khairan First,2016-11-01,10566.18
Nadd Hessa,2016-11-01,9394.11
Jabal Ali First,2016-11-01,9791.595000000001
Wadi Al Safa 5,2016-11-01,7362.17
Al Thanyah Fifth,2016-11-01,10890.455
Al Merkadh,2016-11-01,15497.81
Al Barsha South Fourth,2016-11-01,9288.08
Al Barsha South Fifth,2016-11-01,11722.41
Madinat Dubai Almelaheyah,2016-11-01,19934.76
Marsa Dubai,2016-11-01,13411.36
Al Barsha South Fourth,2016-12-01,9605.59
Al Khairan First,2016-12-01,12010.04
Business Bay,2016-12-01,17293.09
Burj Khalifa,2016-12-01,15195.32
Me'Aisem First,2016-12-01,10076.91
Nadd Hessa,2016-12-01,8853.369999999999
Jabal Ali First,2016-12-01,9775.825
Madinat Al Mataar,2016-12-01,8687.555
Al Yelayiss 2,2016-12-01,10120.62
Marsa Dubai,2016-12-01,15946.075
Wadi Al Safa 5,2016-12-01,7301.775
Al Barshaa South Third,2016-12-01,12606.23
Al Barsha South Fifth,2016-12-01,10748.72
Hadaeq Sheikh Mohammed Bin Rashid,2016-12-01,13752.235
Al Hebiah Fourth,2016-12-01,9457.36
Al Thanyah Fifth,2016-12-01,11061.41
Wadi Al Safa 5,2017-01-01,7529.49
Al Merkadh,2017-01-01,13660.975
Al Hebiah Fourth,2017-01-01,10143.485
Madinat Dubai Almelaheyah,2017-01-01,23212.36
Me'Aisem First,2017-01-01,9922.35
Burj Khalifa,2017-01-01,22145.925
Madinat Al Mataar,2017-01-01,8146.22
Al Thanyah Fifth,2017-01-01,11890.245
Al Barshaa South Third,2017-01-01,11394.14
Hadaeq Sheikh Mohammed Bin Rashid,2017-01-01,14341.81
Al Barsha South Fifth,2017-01-01,12677.77
Marsa Dubai,2017-01-01,17275.87
Al Yelayiss 2,2017-01-01,10248.91
Business Bay,2017-01-01,17265.055
Nadd Hessa,2017-01-01,8578.244999999999
Al Barsha South Fourth,2017-01-01,10155.125
Al Khairan First,2017-01-01,15633.33
Jabal Ali First,2017-01-01,10273.06
Wadi Al Safa 5,2017-02-01,7920.16
Marsa Dubai,2017-02-01,14619.810000000001
Al Thanyah Fifth,2017-02-01,12274.96
Me'Aisem First,2017-02-01,10651.86
Al Barshaa South Third,2017-02-01,12710.73
Nadd Hessa,2017-02-01,9263.96
Al Hebiah Fourth,2017-02-01,9721.695
Burj Khalifa,2017-02-01,22665.91
Business Bay,2017-02-01,17220.34
Jabal Ali First,2017-02-01,9952.99
Al Merkadh,2017-02-01,15620.345000000001
Al Khairan First,2017-02-01,15550.79
Al Yelayiss 2,2017-02-01,10199.335
Al Barsha South Fourth,2017-02-01,10173.3
Al Barsha South Fifth,2017-02-01,17878.08
Hadaeq Sheikh Mohammed Bin Rashid,2017-02-01,14206.31
Madinat Al Mataar,2017-02-01,8035.965
Al Barsha South Fifth,2017-03-01,17342.74
Madinat Al Mataar,2017-03-01,7775.38
Marsa Dubai,2017-03-01,15481.53
Hadaeq Sheikh Mohammed Bin Rashid,2017-03-01,14713.175
Al Barsha South Fourth,2017-03-01,9468.395
Al Barshaa South Third,2017-03-01,12647.71
Business Bay,2017-03-01,16393.28
Nadd Hessa,2017-03-01,8804.925
Jabal Ali First,2017-03-01,9791.57
Wadi Al Safa 5,2017-03-01,6090.52
Al Hebiah Fourth,2017-03-01,9696.18
Al Merkadh,2017-03-01,14800.42
Al Yelayiss 2,2017-03-01,10483.615
Me'Aisem First,2017-03-01,9435.74
Burj Khalifa,2017-03-01,20436.59
Al Khairan First,2017-03-01,15642.06
Al Thanyah Fifth,2017-03-01,11464.55
Jabal Ali First,2017-04-01,10057.904999999999
Burj Khalifa,2017-04-01,16686.245000000003
Me'Aisem First,2017-04-01,10629.775
Al Hebiah Fourth,2017-04-01,9817.4
Al Barsha South Fifth,2017-04-01,11840.42
Madinat Al Mataar,2017-04-01,8478.76
Al Barsha South Fourth,2017-04-01,9771.355
Al Khairan First,2017-04-01,15298.4
Hadaeq Sheikh Mohammed Bin Rashid,2017-04-01,13737.71
Al Thanyah Fifth,2017-04-01,12527.63
Al Merkadh,2017-04-01,15940.72
Business Bay,2017-04-01,17233.43
Al Yelayiss 2,2017-04-01,10190.935
Wadi Al Safa 5,2017-04-01,7447.285
Nadd Hessa,2017-04-01,8358.395
Marsa Dubai,2017-04-01,16531.864999999998
Al Barshaa South Third,2017-04-01,11774.72
Al Merkadh,2017-05-01,15069.43
Al Hebiah Fourth,2017-05-01,9739.915
Wadi Al Safa 5,2017-05-01,7476.64
Al Khairan First,2017-05-01,14918.215
Nadd Hessa,2017-05-01,9079.145
Al Barsha South Fourth,2017-05-01,9758.67
Marsa Dubai,2017-05-01,14932.37
Madinat Al Mataar,2017-05-01,7980.01
Jabal Ali First,2017-05-01,9933.74
Al Thanyah Fifth,2017-05-01,11851.79
Hadaeq Sheikh Mohammed Bin Rashid,2017-05-01,12172.66
Burj Khalifa,2017-05-01,16072.490000000002
Al Barshaa South Third,2017-05-01,11721.085
Business Bay,2017-05-01,17232.42
Me'Aisem First,2017-05-01,9611.28
Al Barsha South Fifth,2017-05-01,16195.285
Al Yelayiss 2,2017-05-01,10279.46
Al Barshaa South Third,2017-06-01,11564.52
Hadaeq Sheikh Mohammed Bin Rashid,2017-06-01,7033.425
Nadd Hessa,2017-06-01,8691.6
Wadi Al Safa 5,2017-06-01,7154.655
Me'Aisem First,2017-06-01,9535.275000000001
Al Yelayiss 2,2017-06-01,10275.39
Al Merkadh,2017-06-01,15931.49
Business Bay,2017-06-01,15101.93
Al Hebiah Fourth,2017-06-01,9756.265
Marsa Dubai,2017-06-01,14110.154999999999
Al Khairan First,2017-06-01,11971.36
Al Thanyah Fifth,2017-06-01,12254.27
Madinat Al Mataar,2017-06-01,8261.07
Al Barsha South Fourth,2017-06-01,9182.37
Jabal Ali First,2017-06-01,10489.74
Al Barsha South Fifth,2017-06-01,12857.14
Burj Khalifa,2017-06-01,16552.12
Al Yelayiss 2,2017-07-01,10241.27
Hadaeq Sheikh Mohammed Bin Rashid,2017-07-01,14143.42
Al Khairan First,2017-07-01,15153.11
Al Merkadh,2017-07-01,15944.75
Burj Khalifa,2017-07-01,16663.5
Al Barsha South Fourth,2017-07-01,9928.72
Al Barshaa South Third,2017-07-01,11612.599999999999
Jabal Ali First,2017-07-01,9388.49
Marsa Dubai,2017-07-01,15306.525
Al Thanyah Fifth,2017-07-01,11266.78
Business Bay,2017-07-01,17318.93
Al Hebiah Fourth,2017-07-01,9811.52
Me'Aisem First,2017-07-01,9425.575
Madinat Al Mataar,2017-07-01,8272.26
Wadi Al Safa 5,2017-07-01,7152.89
Al Barsha South Fifth,2017-07-01,11840.41
Nadd Hessa,2017-07-01,8878.715
Nadd Hessa,2017-08-01,7805.49
Me'Aisem First,2017-08-01,9302.51
Marsa Dubai,2017-08-01,14275.055
Al Khairan First,2017-08-01,15472.19
Wadi Al Safa 5,2017-08-01,7484.860000000001
Al Hebiah Fourth,2017-08-01,8646.22
Al Barsha South Fifth,2017-08-01,11224.93
Business Bay,2017-08-01,17427.6
Al Yelayiss 2,2017-08-01,10597.064999999999
Hadaeq Sheikh Mohammed Bin Rashid,2017-08-01,14231.91
Al Merkadh,2017-08-01,15937.14
Burj Khalifa,2017-08-01,17987.940000000002
Jabal Ali First,2017-08-01,7834.35
Al Thanyah Fifth,2017-08-01,10927.404999999999
Al Barsha South Fourth,2017-08-01,10278.42
Madinat Al Mataar,2017-08-01,8198.404999999999
Al Barshaa South Third,2017-08-01,11619.55
Al Yelayiss 2,2017-09-01,10754.86
Al Barsha South Fourth,2017-09-01,9671.18
Business Bay,2017-09-01,15053.215
Nadd Hessa,2017-09-01,8120.15
Jabal Ali First,2017-09-01,7806.57
Al Merkadh,2017-09-01,15944.75
Al Hebiah Fourth,2017-09-01,9893.35
Me'Aisem First,2017-09-01,10588.37
Marsa Dubai,2017-09-01,15479.825
Wadi Al Safa 5,2017-09-01,6490.98
Hadaeq Sheikh Mohammed Bin Rashid,2017-09-01,14197.8
Al Thanyah Fifth,2017-09-01,10953.77
Al Barshaa South Third,2017-09-01,11752.45
Burj Khalifa,2017-09-01,20308.61
Madinat Al Mataar,2017-09-01,8619.474999999999
Al Khairan First,2017-09-01,16682.68
Al Barsha South Fifth,2017-09-01,10763.89
Al Barsha South Fourth,2017-10-01,9994.735
Wadi Al Safa 5,2017-10-01,6985.69
Hadaeq Sheikh Mohammed Bin Rashid,2017-10-01,14247.095000000001
Al Hebiah Fourth,2017-10-01,10578.865
Business Bay,2017-10-01,17213.07
Al Thanyah Fifth,2017-10-01,10957.985
Marsa Dubai,2017-10-01,13444.96
Al Yelayiss 2,2017-10-01,10275.7
Al Khairan First,2017-10-01,16236.7
Jabal Ali First,2017-10-01,10355.15
Burj Khalifa,2017-10-01,17986.754999999997
Me'Aisem First,2017-10-01,10020.4
Al Merkadh,2017-10-01,15940.36
Al Barsha South Fifth,2017-10-01,12795.62
Madinat Al Mataar,2017-10-01,7878.36
Nadd Hessa,2017-10-01,8774.37
Al Barshaa South Third,2017-10-01,11623.73
Al Khairan First,2017-11-01,16575.42
Al Hebiah Fourth,2017-11-01,9319.18
Hadaeq Sheikh Mohammed Bin Rashid,2017-11-01,15763.98
Al Barsha South Fifth,2017-11-01,13144.84
Marsa Dubai,2017-11-01,14096.465
Me'Aisem First,2017-11-01,10068.4
Business Bay,2017-11-01,17607.14
Al Barsha South Fourth,2017-11-01,10427.85
Al Barshaa South Third,2017-11-01,11711.255000000001
Burj Khalifa,2017-11-01,16483.885000000002
Madinat Al Mataar,2017-11-01,9161.085
Wadi Al Safa 5,2017-11-01,6204.45
Al Thanyah Fifth,2017-11-01,10998.935000000001
Al Merkadh,2017-11-01,15928.75
Jabal Ali First,2017-11-01,10550.84
Al Yelayiss 2,2017-11-01,10460.89
Nadd Hessa,2017-11-01,7616.26
Al Thanyah Fifth,2017-12-01,10938.18
Hadaeq Sheikh Mohammed Bin Rashid,2017-12-01,14264.09
Marsa Dubai,2017-12-01,13635.56
Jabal Ali First,2017-12-01,11174.57
Madinat Al Mataar,2017-12-01,9070.0
Al Barsha South Fifth,2017-12-01,13056.64
Al Barsha South Fourth,2017-12-01,9830.27
Business Bay,2017-12-01,17224.905
Me'Aisem First,2017-12-01,10346.755
Al Barshaa South Third,2017-12-01,10306.869999999999
Al Khairan First,2017-12-01,15947.42
Wadi Al Safa 5,2017-12-01,7361.6849999999995
Al Merkadh,2017-12-01,15620.77
Al Yelayiss 2,2017-12-01,10759.119999999999
Al Hebiah Fourth,2017-12-01,9914.83
Burj Khalifa,2017-12-01,19565.37
Nadd Hessa,2017-12-01,7267.765
Al Barsha South Fourth,2018-01-01,9733.54
Marsa Dubai,2018-01-01,14800.95
Al Merkadh,2018-01-01,15905.244999999999
Hadaeq Sheikh Mohammed Bin Rashid,2018-01-01,14384.21
Al Yelayiss 2,2018-01-01,11760.86
Al Barshaa South Third,2018-01-01,11477.76
Jabal Ali First,2018-01-01,12705.85
Madinat Al Mataar,2018-01-01,9485.675
Burj Khalifa,2018-01-01,16548.82
Wadi Al Safa 5,2018-01-01,7171.96
Nadd Hessa,2018-01-01,9283.61
Me'Aisem First,2018-01-01,10599.04
Al Thanyah Fifth,2018-01-01,10594.2
Business Bay,2018-01-01,18035.79
Al Barsha South Fifth,2018-01-01,13086.105
Al Khairan First,2018-01-01,16064.7
Al Hebiah Fourth,2018-01-01,10253.78
Hadaeq Sheikh Mohammed Bin Rashid,2018-02-01,14318.95
Al Yelayiss 2,2018-02-01,12223.69
Jabal Ali First,2018-02-01,10252.78
Al Thanyah Fifth,2018-02-01,10789.11
Al Merkadh,2018-02-01,15898.02
Al Barsha South Fifth,2018-02-01,10763.89
Burj Khalifa,2018-02-01,14439.244999999999
Me'Aisem First,2018-02-01,8951.93
Marsa Dubai,2018-02-01,13027.19
Business Bay,2018-02-01,16519.15
Al Barsha South Fourth,2018-02-01,10159.5
Al Khairan First,2018-02-01,15470.465
Nadd Hessa,2018-02-01,7785.950000000001
Al Barshaa South Third,2018-02-01,9869.23
Al Hebiah Fourth,2018-02-01,10250.57
Madinat Al Mataar,2018-02-01,9863.23
Wadi Al Safa 5,2018-02-01,7667.23
Burj Khalifa,2018-03-01,16464.18
Hadaeq Sheikh Mohammed Bin Rashid,2018-03-01,13732.045
Al Thanyah Fifth,2018-03-01,9801.795
Al Hebiah Fourth,2018-03-01,10127.47
Al Merkadh,2018-03-01,15592.46
Jabal Ali First,2018-03-01,9218.224999999999
Business Bay,2018-03-01,16500.25
Madinat Al Mataar,2018-03-01,9917.84
Al Barshaa South Third,2018-03-01,10334.53
Marsa Dubai,2018-03-01,13547.69
Al Khairan First,2018-03-01,16151.13
Wadi Al Safa 5,2018-03-01,6671.22
Al Barsha South Fifth,2018-03-01,12549.810000000001
Me'Aisem First,2018-03-01,8899.94
Nadd Hessa,2018-03-01,7995.43
Al Yelayiss 2,2018-03-01,11631.625
Al Barsha South Fourth,2018-03-01,10276.52
Al Khairan First,2018-04-01,15323.685000000001
Al Hebiah Fourth,2018-04-01,8792.845000000001
Al Merkadh,2018-04-01,16016.355
Hadaeq Sheikh Mohammed Bin Rashid,2018-04-01,14220.27
Al Barsha South Fifth,2018-04-01,10553.28
Wadi Al Safa 5,2018-04-01,6483.73
Business Bay,2018-04-01,17616.84
Al Yelayiss 2,2018-04-01,10853.474999999999
Al Thanyah Fifth,2018-04-01,10049.92
Burj Khalifa,2018-04-01,16024.810000000001
Madinat Al Mataar,2018-04-01,9789.0
Al Barsha South Fourth,2018-04-01,9920.34
Me'Aisem First,2018-04-01,9886.24
Jabal Ali First,2018-04-01,8689.84
Marsa Dubai,2018-04-01,14253.77
Al Barshaa South Third,2018-04-01,12148.57
Nadd Hessa,2018-04-01,9033.35
Al Barshaa South Third,2018-05-01,12429.26
Al Barsha South Fourth,2018-05-01,9424.21
Al Yelayiss 2,2018-05-01,11973.585
Burj Khalifa,2018-05-01,16321.61
Al Thanyah Fifth,2018-05-01,10441.33
Jabal Ali First,2018-05-01,8848.435000000001
Hadaeq Sheikh Mohammed Bin Rashid,2018-05-01,14334.02
Al Merkadh,2018-05-01,15722.79
Madinat Al Mataar,2018-05-01,9614.11
Nadd Hessa,2018-05-01,7083.81
Marsa Dubai,2018-05-01,14835.17
Me'Aisem First,2018-05-01,9223.09
Al Hebiah Fourth,2018-05-01,8973.185000000001
Wadi Al Safa 5,2018-05-01,7547.17
Al Khairan First,2018-05-01,15332.02
Al Barsha South Fifth,2018-05-01,10477.855
Business Bay,2018-05-01,16763.49
Al Hebiah Fourth,2018-06-01,9185.68
Al Barsha South Fifth,2018-06-01,10856.29
Al Khairan First,2018-06-01,15701.61
Al Thanyah Fifth,2018-06-01,9465.275000000001
Burj Khalifa,2018-06-01,17567.07
Al Barshaa South Third,2018-06-01,12311.42
Al Yelayiss 2,2018-06-01,12020.814999999999
Madinat Al Mataar,2018-06-01,9573.58
Marsa Dubai,2018-06-01,13943.11
Business Bay,2018-06-01,17022.11
Wadi Al Safa 5,2018-06-01,4024.125
Me'Aisem First,2018-06-01,8296.705
Nadd Hessa,2018-06-01,7585.58
Hadaeq Sheikh Mohammed Bin Rashid,2018-06-01,14338.15
Al Barsha South Fourth,2018-06-01,10075.015
Jabal Ali First,2018-06-01,8053.91
Al Merkadh,2018-06-01,15938.75
Al Barshaa South Third,2018-07-01,12224.224999999999
Business Bay,2018-07-01,17452.42
Al Yelayiss 2,2018-07-01,11129.53
Hadaeq Sheikh Mohammed Bin Rashid,2018-07-01,14722.675
Al Hebiah Fourth,2018-07-01,9474.82
Al Barsha South Fourth,2018-07-01,9498.845
Nadd Hessa,2018-07-01,7745.08
Me'Aisem First,2018-07-01,7892.025
Wadi Al Safa 5,2018-07-01,6398.23
Marsa Dubai,2018-07-01,14181.36
Al Khairan First,2018-07-01,15216.689999999999
Al Merkadh,2018-07-01,15944.75
Madinat Al Mataar,2018-07-01,9518.71
Al Thanyah Fifth,2018-07-01,10330.235
Burj Khalifa,2018-07-01,17983.0
Jabal Ali First,2018-07-01,5789.925
Al Barsha South Fifth,2018-07-01,11751.17
Al Merkadh,2018-08-01,16042.03
Al Thanyah Fifth,2018-08-01,11200.529999999999
Wadi Al Safa 5,2018-08-01,5869.15
Jabal Ali First,2018-08-01,9540.21
Hadaeq Sheikh Mohammed Bin Rashid,2018-08-01,14334.02
Nadd Hessa,2018-08-01,8386.52
Madinat Al Mataar,2018-08-01,9302.48
Al Yelayiss 2,2018-08-01,12458.42
Al Barsha South Fourth,2018-08-01,9587.375
Marsa Dubai,2018-08-01,13056.55
Me'Aisem First,2018-08-01,9725.91
Al Hebiah Fourth,2018-08-01,8127.8
Burj Khalifa,2018-08-01,17700.809999999998
Al Barsha South Fifth,2018-08-01,9616.795
Al Barshaa South Third,2018-08-01,10840.43
Business Bay,2018-08-01,17394.61
Al Khairan First,2018-08-01,15863.18
Hadaeq Sheikh Mohammed Bin Rashid,2018-09-01,15117.35
Al Barsha South Fourth,2018-09-01,9653.79
Burj Khalifa,2018-09-01,16635.725
Al Thanyah Fifth,2018-09-01,9993.689999999999
Al Barsha South Fifth,2018-09-01,10655.994999999999
Madinat Al Mataar,2018-09-01,9592.06
Al Hebiah Fourth,2018-09-01,8247.06
Al Merkadh,2018-09-01,15948.52
Al Barshaa South Third,2018-09-01,10443.42
Al Khairan First,2018-09-01,18058.305
Nadd Hessa,2018-09-01,8477.09
Business Bay,2018-09-01,17152.575
Marsa Dubai,2018-09-01,11751.98
Wadi Al Safa 5,2018-09-01,7695.3099999999995
Al Yelayiss 2,2018-09-01,11045.25
Me'Aisem First,2018-09-01,10512.92
Jabal Ali First,2018-09-01,9606.72
Al Barsha South Fourth,2018-10-01,9173.42
Burj Khalifa,2018-10-01,17688.24
Al Hebiah Fourth,2018-10-01,8834.705
Wadi Al Safa 5,2018-10-01,9584.12
Nadd Hessa,2018-10-01,8047.34
Jabal Ali First,2018-10-01,7035.86
Al Barsha South Fifth,2018-10-01,10980.71
Al Thanyah Fifth,2018-10-01,9908.29
Madinat Al Mataar,2018-10-01,8940.19
Al Yelayiss 2,2018-10-01,9520.53
Me'Aisem First,2018-10-01,8566.455
Al Merkadh,2018-10-01,15940.915
Hadaeq Sheikh Mohammed Bin Rashid,2018-10-01,15211.36
Al Barshaa South Third,2018-10-01,10010.36
Al Khairan First,2018-10-01,17167.175
Marsa Dubai,2018-10-01,13435.89
Business Bay,2018-10-01,17331.31
Me'Aisem First,2018-11-01,8043.885
Madinat Al Mataar,2018-11-01,9209.23
Hadaeq Sheikh Mohammed Bin Rashid,2018-11-01,15420.35
Al Merkadh,2018-11-01,16145.85
Al Barsha South Fourth,2018-11-01,8564.330000000002
Al Barsha South Fifth,2018-11-01,9868.42
Burj Khalifa,2018-11-01,18113.3
Marsa Dubai,2018-11-01,12995.215
Wadi Al Safa 5,2018-11-01,9310.895
Jabal Ali First,2018-11-01,6757.37
Al Thanyah Fifth,2018-11-01,9737.01
Al Yelayiss 2,2018-11-01,8864.89
Al Barshaa South Third,2018-11-01,10109.995
Al Khairan First,2018-11-01,15755.6
Nadd Hessa,2018-11-01,7663.85
Business Bay,2018-11-01,18365.755
Al Hebiah Fourth,2018-11-01,6687.74
Nadd Hessa,2018-12-01,8074.96
Madinat Al Mataar,2018-12-01,9213.49
Al Khairan First,2018-12-01,16151.015
Al Merkadh,2018-12-01,15455.17
Al Barsha South Fourth,2018-12-01,7784.2
Al Hebiah Fourth,2018-12-01,6815.24
Marsa Dubai,2018-12-01,13681.92
Al Thanyah Fifth,2018-12-01,9045.355
Hadaeq Sheikh Mohammed Bin Rashid,2018-12-01,15077.85
Jabal Ali First,2018-12-01,7821.8
Business Bay,2018-12-01,17911.56
Wadi Al Safa 5,2018-12-01,10064.42
Burj Khalifa,2018-12-01,18785.99
Me'Aisem First,2018-12-01,6758.79
Al Yelayiss 2,2018-12-01,8466.54
Al Barshaa South Third,2018-12-01,11174.21
Al Barsha South Fifth,2018-12-01,9771.055
Al Khairan First,2019-01-01,15829.945
Marsa Dubai,2019-01-01,12232.79
Nadd Hessa,2019-01-01,7409.24
Al Merkadh,2019-01-01,16214.845000000001
Wadi Al Safa 5,2019-01-01,6274.58
Me'Aisem First,2019-01-01,7020.39
Business Bay,2019-01-01,17765.120000000003
Al Yelayiss 2,2019-01-01,8997.675
Hadaeq Sheikh Mohammed Bin Rashid,2019-01-01,14735.46
Al Thanyah Fifth,2019-01-01,9285.4
Al Barshaa South Third,2019-01-01,10488.94
Madinat Al Mataar,2019-01-01,8105.6
Al Barsha South Fourth,2019-01-01,7808.405
Al Hebiah Fourth,2019-01-01,7715.92
Jabal Ali First,2019-01-01,11279.48
Al Barsha South Fifth,2019-01-01,9521.36
Burj Khalifa,2019-01-01,13052.064999999999
Al Thanyah Fifth,2019-02-01,9957.99
Hadaeq Sheikh Mohammed Bin Rashid,2019-02-01,15366.41
Wadi Al Safa 5,2019-02-01,6805.87
Jabal Ali First,2019-02-01,6809.625
Me'Aisem First,2019-02-01,6734.16
Al Yelayiss 2,2019-02-01,9820.945
Al Barsha South Fifth,2019-02-01,12275.974999999999
Madinat Al Mataar,2019-02-01,8360.41
Al Khairan First,2019-02-01,16851.739999999998
Burj Khalifa,2019-02-01,21765.68
Al Hebiah Fourth,2019-02-01,7142.86
Al Merkadh,2019-02-01,16190.665
Al Barsha South Fourth,2019-02-01,6996.53
Business Bay,2019-02-01,15630.76
Marsa Dubai,2019-02-01,13300.78
Nadd Hessa,2019-02-01,8207.55
Al Barshaa South Third,2019-02-01,10616.18
Madinat Al Mataar,2019-03-01,8867.435
Al Barsha South Fifth,2019-03-01,10576.369999999999
Burj Khalifa,2019-03-01,19821.27
Al Thanyah Fifth,2019-03-01,9956.65
Business Bay,2019-03-01,18300.21
Al Barshaa South Third,2019-03-01,10446.96
Al Yelayiss 2,2019-03-01,8771.72
Me'Aisem First,2019-03-01,7475.1
Jabal Ali First,2019-03-01,10017.24
Wadi Al Safa 5,2019-03-01,7965.105
Marsa Dubai,2019-03-01,15280.335
Hadaeq Sheikh Mohammed Bin Rashid,2019-03-01,15307.28
Al Merkadh,2019-03-01,16259.029999999999
Al Barsha South Fourth,2019-03-01,7673.19
Nadd Hessa,2019-03-01,7588.49
Al Hebiah Fourth,2019-03-01,6996.54
Al Khairan First,2019-03-01,16962.9
Hadaeq Sheikh Mohammed Bin Rashid,2019-04-01,14848.8
Jabal Ali First,2019-04-01,7483.504999999999
Al Barshaa South Third,2019-04-01,10608.55
Al Thanyah Fifth,2019-04-01,10020.61
Al Merkadh,2019-04-01,15458.25
Marsa Dubai,2019-04-01,15083.24
Al Yelayiss 2,2019-04-01,8991.065
Nadd Hessa,2019-04-01,8207.51
Al Khairan First,2019-04-01,15730.08
Al Hebiah Fourth,2019-04-01,7511.27
Burj Khalifa,2019-04-01,18831.25
Al Barsha South Fifth,2019-04-01,10333.41
Al Barsha South Fourth,2019-04-01,9840.8
Wadi Al Safa 5,2019-04-01,5747.13
Me'Aisem First,2019-04-01,7228.42
Madinat Al Mataar,2019-04-01,8798.165
Business Bay,2019-04-01,17514.12
Business Bay,2019-05-01,17771.29
Nadd Hessa,2019-05-01,7608.085
Al Barsha South Fourth,2019-05-01,9644.22
Marsa Dubai,2019-05-01,13592.66
Madinat Al Mataar,2019-05-01,7559.15
Hadaeq Sheikh Mohammed Bin Rashid,2019-05-01,15360.76
Al Yelayiss 2,2019-05-01,7596.555
Al Khairan First,2019-05-01,16358.61
Al Hebiah Fourth,2019-05-01,7193.655
Burj Khalifa,2019-05-01,18619.825
Al Barsha South Fifth,2019-05-01,10204.08
Wadi Al Safa 5,2019-05-01,7054.18
Me'Aisem First,2019-05-01,7662.84
Al Barshaa South Third,2019-05-01,10708.465
Al Merkadh,2019-05-01,16141.23
Al Thanyah Fifth,2019-05-01,9956.58
Jabal Ali First,2019-05-01,7076.885
Hadaeq Sheikh Mohammed Bin Rashid,2019-06-01,15413.215
Al Thanyah Fifth,2019-06-01,9956.689999999999
Al Hebiah Fourth,2019-06-01,7225.43
Me'Aisem First,2019-06-01,6445.31
Nadd Hessa,2019-06-01,7314.93
Al Yelayiss 2,2019-06-01,8430.869999999999
Burj Khalifa,2019-06-01,19179.79
Al Barsha South Fourth,2019-06-01,10664.08
Marsa Dubai,2019-06-01,13415.295
Al Merkadh,2019-06-01,15686.93
Madinat Al Mataar,2019-06-01,8866.46
Jabal Ali First,2019-06-01,5474.49
Al Barshaa South Third,2019-06-01,10497.189999999999
Al Khairan First,2019-06-01,14869.869999999999
Al Barsha South Fifth,2019-06-01,8028.885
Wadi Al Safa 5,2019-06-01,5418.72
Business Bay,2019-06-01,16821.81
Al Thanyah Fifth,2019-07-01,9065.07
Hadaeq Sheikh Mohammed Bin Rashid,2019-07-01,14954.165
Al Hebiah Fourth,2019-07-01,7333.49
Al Barsha South Fifth,2019-07-01,8029.719999999999
Me'Aisem First,2019-07-01,6470.38
Nadd Hessa,2019-07-01,6233.41
Al Yelayiss 2,2019-07-01,8399.075
Al Barshaa South Third,2019-07-01,10654.445
Burj Khalifa,2019-07-01,20079.325
Business Bay,2019-07-01,14687.88
Al Khairan First,2019-07-01,15580.585
Wadi Al Safa 5,2019-07-01,5460.59
Jabal Ali First,2019-07-01,7534.33
Madinat Al Mataar,2019-07-01,8120.45
Al Merkadh,2019-07-01,15772.28
Marsa Dubai,2019-07-01,14575.97
Al Barsha South Fourth,2019-07-01,10231.78
Business Bay,2019-08-01,13800.51
Jabal Ali First,2019-08-01,4663.76
Al Hebiah Fourth,2019-08-01,7325.58
Burj Khalifa,2019-08-01,19558.245
Hadaeq Sheikh Mohammed Bin Rashid,2019-08-01,15221.21
Me'Aisem First,2019-08-01,7794.26
Al Barsha South Fourth,2019-08-01,8317.04
Al Barsha South Fifth,2019-08-01,8044.69
Nadd Hessa,2019-08-01,8156.86
Al Merkadh,2019-08-01,16974.77
Al Barshaa South Third,2019-08-01,10234.400000000001
Al Yelayiss 2,2019-08-01,7167.43
Wadi Al Safa 5,2019-08-01,5345.96
Al Thanyah Fifth,2019-08-01,8774.435000000001
Al Khairan First,2019-08-01,14737.125
Marsa Dubai,2019-08-01,11649.04
Madinat Al Mataar,2019-08-01,7768.3
Al Barshaa South Third,2019-09-01,10052.04
Marsa Dubai,2019-09-01,11650.49
Al Yelayiss 2,2019-09-01,6982.18
Jabal Ali First,2019-09-01,4590.66
Business Bay,2019-09-01,16391.91
Madinat Al Mataar,2019-09-01,8615.45
Al Barsha South Fifth,2019-09-01,9414.69
Me'Aisem First,2019-09-01,7207.5650000000005
Al Khairan First,2019-09-01,15163.69
Wadi Al Safa 5,2019-09-01,5401.79
Al Thanyah Fifth,2019-09-01,9770.015
Al Barsha South Fourth,2019-09-01,9597.92
Hadaeq Sheikh Mohammed Bin Rashid,2019-09-01,15540.45
Al Merkadh,2019-09-01,15828.215
Burj Khalifa,2019-09-01,14785.9
Nadd Hessa,2019-09-01,6325.85
Al Hebiah Fourth,2019-09-01,7600.95
Madinat Dubai Almelaheyah,2019-10-01,18473.300000000003
Wadi Al Safa 5,2019-10-01,5191.045
Al Hebiah Fourth,2019-10-01,6502.6849999999995
Jabal Ali First,2019-10-01,6285.705
Al Khairan First,2019-10-01,15343.56
Hadaeq Sheikh Mohammed Bin Rashid,2019-10-01,15987.93
Business Bay,2019-10-01,16773.46
Me'Aisem First,2019-10-01,6542.094999999999
Nadd Hessa,2019-10-01,6797.215
Al Merkadh,2019-10-01,16192.04
Burj Khalifa,2019-10-01,17589.8
Al Barsha South Fifth,2019-10-01,10325.84
Al Barshaa South Third,2019-10-01,8456.93
Marsa Dubai,2019-10-01,15776.68
Al Thanyah Fifth,2019-10-01,9078.825
Al Barsha South Fourth,2019-10-01,7740.51
Madinat Al Mataar,2019-10-01,7460.290000000001
Al Yelayiss 2,2019-10-01,7901.855
Business Bay,2019-11-01,17712.65
Burj Khalifa,2019-11-01,13651.16
Jabal Ali First,2019-11-01,8440.43
Wadi Al Safa 5,2019-11-01,10150.63
Al Hebiah Fourth,2019-11-01,7263.6
Al Barsha South Fourth,2019-11-01,7400.8
Al Barshaa South Third,2019-11-01,9798.31
Madinat Dubai Almelaheyah,2019-11-01,23015.35
Al Khairan First,2019-11-01,15081.53
Me'Aisem First,2019-11-01,5513.78
Nadd Hessa,2019-11-01,6688.52
Al Merkadh,2019-11-01,16627.995
Al Barsha South Fifth,2019-11-01,9149.2
Madinat Al Mataar,2019-11-01,7574.12
Al Thanyah Fifth,2019-11-01,7951.23
Marsa Dubai,2019-11-01,14106.27
Al Yelayiss 2,2019-11-01,6220.37
Hadaeq Sheikh Mohammed Bin Rashid,2019-11-01,10869.855
Al Barshaa South Third,2019-12-01,8953.7
Madinat Dubai Almelaheyah,2019-12-01,14269.445
Hadaeq Sheikh Mohammed Bin Rashid,2019-12-01,15844.485
Wadi Al Safa 5,2019-12-01,5345.96
Al Merkadh,2019-12-01,16904.09
Al Hebiah Fourth,2019-12-01,7800.31
Business Bay,2019-12-01,16432.21
Al Thanyah Fifth,2019-12-01,9659.58
Al Yelayiss 2,2019-12-01,5781.79
Jabal Ali First,2019-12-01,9191.845
Marsa Dubai,2019-12-01,21015.28
Al Barsha South Fourth,2019-12-01,9600.494999999999
Madinat Al Mataar,2019-12-01,8127.5
Al Khairan First,2019-12-01,15159.994999999999
Burj Khalifa,2019-12-01,18513.97
Al Barsha South Fifth,2019-12-01,6458.73
Me'Aisem First,2019-12-01,9385.55
Nadd Hessa,2019-12-01,7302.695
Burj Khalifa,2020-01-01,17944.075
Madinat Al Mataar,2020-01-01,6536.165
Wadi Al Safa 5,2020-01-01,4918.84
Me'Aisem First,2020-01-01,6401.91
Marsa Dubai,2020-01-01,12994.990000000002
Al Khairan First,2020-01-01,15399.244999999999
Al Hebiah Fourth,2020-01-01,6391.14
Al Yelayiss 2,2020-01-01,6254.38
Al Barsha South Fifth,2020-01-01,6948.91
Jabal Ali First,2020-01-01,8181.2
Al Barsha South Fourth,2020-01-01,7040.15
Hadaeq Sheikh Mohammed Bin Rashid,2020-01-01,15366.490000000002
Nadd Hessa,2020-01-01,7431.8099999999995
Al Merkadh,2020-01-01,15730.765
Business Bay,2020-01-01,15667.28
Al Thanyah Fifth,2020-01-01,9357.99
Al Barshaa South Third,2020-01-01,10248.24
Al Thanyah Fifth,2020-02-01,7627.799999999999
Al Barsha South Fourth,2020-02-01,7722.764999999999
Al Yelayiss 2,2020-02-01,7019.66
Al Khairan First,2020-02-01,18048.445
Marsa Dubai,2020-02-01,13711.54
Wadi Al Safa 5,2020-02-01,7024.450000000001
Al Merkadh,2020-02-01,14729.74
Me'Aisem First,2020-02-01,6121.26
Al Barsha South Fifth,2020-02-01,4951.389999999999
Al Barshaa South Third,2020-02-01,10646.39
Business Bay,2020-02-01,16271.11
Madinat Dubai Almelaheyah,2020-02-01,15521.195
Hadaeq Sheikh Mohammed Bin Rashid,2020-02-01,14596.45
Al Hebiah Fourth,2020-02-01,6918.07
Nadd Hessa,2020-02-01,7222.64
Burj Khalifa,2020-02-01,20089.440000000002
Madinat Al Mataar,2020-02-01,9438.83
Jabal Ali First,2020-02-01,7649.94
Business Bay,2020-03-01,16395.385000000002
Al Khairan First,2020-03-01,16746.78
Burj Khalifa,2020-03-01,19283.98
Marsa Dubai,2020-03-01,13651.69
Wadi Al Safa 5,2020-03-01,9526.26
Al Merkadh,2020-03-01,15314.14
Me'Aisem First,2020-03-01,6508.219999999999
Madinat Al Mataar,2020-03-01,7983.585
Al Barsha South Fifth,2020-03-01,9383.06
Nadd Hessa,2020-03-01,7189.13
Al Thanyah Fifth,2020-03-01,9538.485
Jabal Ali First,2020-03-01,7864.73
Al Barsha South Fourth,2020-03-01,9458.18
Al Hebiah Fourth,2020-03-01,6716.235000000001
Al Yelayiss 2,2020-03-01,7261.35
Hadaeq Sheikh Mohammed Bin Rashid,2020-03-01,15000.63
Al Barshaa South Third,2020-03-01,10019.69
Business Bay,2020-04-01,16421.985
Wadi Al Safa 5,2020-04-01,9251.16
Me'Aisem First,2020-04-01,6769.39
Al Barsha South Fifth,2020-04-01,10643.575
Al Hebiah Fourth,2020-04-01,5459.855
Marsa Dubai,2020-04-01,20953.39
Al Thanyah Fifth,2020-04-01,10109.18
Al Barshaa South Third,2020-04-01,13855.42
Madinat Dubai Almelaheyah,2020-04-01,14703.48
Al Khairan First,2020-04-01,15397.72
Al Barsha South Fourth,2020-04-01,10958.53
Jabal Ali First,2020-04-01,9351.72
Nadd Hessa,2020-04-01,7222.64
Hadaeq Sheikh Mohammed Bin Rashid,2020-04-01,15717.71
Burj Khalifa,2020-04-01,19953.86
Al Yelayiss 2,2020-04-01,10387.355
Madinat Al Mataar,2020-04-01,8703.615
Al Merkadh,2020-04-01,17975.73
Madinat Al Mataar,2020-05-01,5839.24
Hadaeq Sheikh Mohammed Bin Rashid,2020-05-01,11494.98
Business Bay,2020-05-01,16479.74
Me'Aisem First,2020-05-01,6844.424999999999
Al Barsha South Fifth,2020-05-01,9149.325
Burj Khalifa,2020-05-01,11828.49
Al Barshaa South Third,2020-05-01,10737.29
Al Hebiah Fourth,2020-05-01,4574.67
Marsa Dubai,2020-05-01,13708.27
Al Thanyah Fifth,2020-05-01,10112.77
Al Khairan First,2020-05-01,15008.15
Al Merkadh,2020-05-01,17904.01
Al Yelayiss 2,2020-05-01,5984.42
Wadi Al Safa 5,2020-05-01,9469.95
Al Barsha South Fourth,2020-05-01,9890.15
Nadd Hessa,2020-05-01,7222.64
Jabal Ali First,2020-05-01,8951.91
Jabal Ali First,2020-06-01,8776.45
Madinat Al Mataar,2020-06-01,7987.79
Me'Aisem First,2020-06-01,7228.84
Business Bay,2020-06-01,16129.03
Hadaeq Sheikh Mohammed Bin Rashid,2020-06-01,11394.47
Al Barsha South Fifth,2020-06-01,10565.86
Al Barsha South Fourth,2020-06-01,10074.96
Al Barshaa South Third,2020-06-01,10145.99
Al Merkadh,2020-06-01,18083.37
Burj Khalifa,2020-06-01,20303.79
Al Thanyah Fifth,2020-06-01,9342.64
Wadi Al Safa 5,2020-06-01,5812.91
Marsa Dubai,2020-06-01,12421.740000000002
Nadd Hessa,2020-06-01,7418.285
Al Khairan First,2020-06-01,15252.73
Al Hebiah Fourth,2020-06-01,5920.04
Al Yelayiss 2,2020-06-01,7966.24
Business Bay,2020-07-01,11998.66
Al Barshaa South Third,2020-07-01,10024.375
Al Thanyah Fifth,2020-07-01,8383.64
Madinat Al Mataar,2020-07-01,6915.63
Al Khairan First,2020-07-01,15790.82
Al Barsha South Fourth,2020-07-01,9588.84
Hadaeq Sheikh Mohammed Bin Rashid,2020-07-01,11166.075
Jabal Ali First,2020-07-01,9808.2
Me'Aisem First,2020-07-01,7307.805
Al Merkadh,2020-07-01,15872.9
Wadi Al Safa 5,2020-07-01,9526.26
Al Hebiah Fourth,2020-07-01,4992.14
Burj Khalifa,2020-07-01,16878.235
Nadd Hessa,2020-07-01,6381.365
Al Barsha South Fifth,2020-07-01,11827.650000000001
Marsa Dubai,2020-07-01,9034.05
Al Yelayiss 2,2020-07-01,8847.04
Al Khairan First,2020-08-01,13806.015
Al Merkadh,2020-08-01,14754.835
Hadaeq Sheikh Mohammed Bin Rashid,2020-08-01,15031.695
Al Hebiah Fourth,2020-08-01,5138.31
Burj Khalifa,2020-08-01,11830.585
Al Yelayiss 2,2020-08-01,10054.625
Al Thanyah Fifth,2020-08-01,7746.515
Jabal Ali First,2020-08-01,7801.99
Al Barsha South Fourth,2020-08-01,7799.46
Al Barsha South Fifth,2020-08-01,6134.57
Wadi Al Safa 5,2020-08-01,10135.119999999999
Madinat Al Mataar,2020-08-01,4684.135
Nadd Hessa,2020-08-01,7353.780000000001
Me'Aisem First,2020-08-01,7032.79
Marsa Dubai,2020-08-01,10286.2
Al Barshaa South Third,2020-08-01,10881.835
Business Bay,2020-08-01,10873.4
Burj Khalifa,2020-09-01,13093.564999999999
Al Barsha South Fifth,2020-09-01,6770.91
Me'Aisem First,2020-09-01,6887.555
Al Yelayiss 2,2020-09-01,8997.935000000001
Al Merkadh,2020-09-01,16736.28
Madinat Al Mataar,2020-09-01,8005.8
Hadaeq Sheikh Mohammed Bin Rashid,2020-09-01,13878.7
Al Barsha South Fourth,2020-09-01,7319.625
Al Barshaa South Third,2020-09-01,9764.345000000001
Al Khairan First,2020-09-01,15721.42
Marsa Dubai,2020-09-01,10083.3
Wadi Al Safa 5,2020-09-01,7340.8
Al Hebiah Fourth,2020-09-01,5322.139999999999
Business Bay,2020-09-01,13856.32
Nadd Hessa,2020-09-01,6581.35
Al Thanyah Fifth,2020-09-01,7824.27
Jabal Ali First,2020-09-01,5765.465
Me'Aisem First,2020-10-01,6483.94
Wadi Al Safa 5,2020-10-01,9502.645
Burj Khalifa,2020-10-01,16937.83
Marsa Dubai,2020-10-01,10297.8
Al Khairan First,2020-10-01,16474.205
Al Barsha South Fifth,2020-10-01,5920.59
Al Thanyah Fifth,2020-10-01,7327.925
Jabal Ali First,2020-10-01,8410.965
Al Barshaa South Third,2020-10-01,10836.69
Al Yelayiss 2,2020-10-01,7092.6
Madinat Al Mataar,2020-10-01,5374.12
Nadd Hessa,2020-10-01,5620.175
Business Bay,2020-10-01,13240.154999999999
Al Merkadh,2020-10-01,16753.79
Al Hebiah Fourth,2020-10-01,5518.23
Al Barsha South Fourth,2020-10-01,7768.765
Hadaeq Sheikh Mohammed Bin Rashid,2020-10-01,11680.72
Madinat Al Mataar,2020-11-01,4520.48
Al Barsha South Fifth,2020-11-01,5915.44
Burj Khalifa,2020-11-01,15952.44
Al Barsha South Fourth,2020-11-01,8341.82
Wadi Al Safa 5,2020-11-01,8966.33
Al Thanyah Fifth,2020-11-01,8944.65
Jabal Ali First,2020-11-01,8424.58
Business Bay,2020-11-01,13454.87
Hadaeq Sheikh Mohammed Bin Rashid,2020-11-01,15682.93
Al Khairan First,2020-11-01,14031.34
Al Barshaa South Third,2020-11-01,8371.2
Al Merkadh,2020-11-01,16715.28
Nadd Hessa,2020-11-01,5877.56
Al Yelayiss 2,2020-11-01,10558.240000000002
Me'Aisem First,2020-11-01,5722.34
Al Hebiah Fourth,2020-11-01,6072.38
Marsa Dubai,2020-11-01,10178.77
Al Hebiah Fourth,2020-12-01,5165.219999999999
Al Barsha South Fourth,2020-12-01,9598.67
Madinat Al Mataar,2020-12-01,8183.66
Hadaeq Sheikh Mohammed Bin Rashid,2020-12-01,11846.51
Business Bay,2020-12-01,13873.96
Al Yelayiss 2,2020-12-01,11315.8
Nadd Hessa,2020-12-01,4769.85
Jabal Ali First,2020-12-01,5833.845
Al Khairan First,2020-12-01,12111.095
Me'Aisem First,2020-12-01,6440.81
Marsa Dubai,2020-12-01,10434.78
Madinat Dubai Almelaheyah,2020-12-01,18964.64
Al Merkadh,2020-12-01,16341.865
Al Barshaa South Third,2020-12-01,8078.99
Wadi Al Safa 5,2020-12-01,9149.31
Al Barsha South Fifth,2020-12-01,6633.15
Burj Khalifa,2020-12-01,13554.66
Al Thanyah Fifth,2020-12-01,7826.48
Al Barsha South Fourth,2021-01-01,9740.619999999999
Al Merkadh,2021-01-01,15948.119999999999
Al Hebiah Fourth,2021-01-01,5857.45
Al Barshaa South Third,2021-01-01,7531.51
Al Khairan First,2021-01-01,9270.67
Jabal Ali First,2021-01-01,6803.44
Al Barsha South Fifth,2021-01-01,7664.25
Nadd Hessa,2021-01-01,5931.46
Al Yelayiss 2,2021-01-01,9561.05
Burj Khalifa,2021-01-01,11636.11
Marsa Dubai,2021-01-01,10461.42
Hadaeq Sheikh Mohammed Bin Rashid,2021-01-01,12341.759999999998
Business Bay,2021-01-01,13162.29
Me'Aisem First,2021-01-01,7284.39
Al Thanyah Fifth,2021-01-01,8234.4
Wadi Al Safa 5,2021-01-01,4087.62
Madinat Al Mataar,2021-01-01,3977.035
Burj Khalifa,2021-02-01,13174.51
Al Barsha South Fourth,2021-02-01,9007.14
Jabal Ali First,2021-02-01,6953.7
Business Bay,2021-02-01,13435.51
Al Thanyah Fifth,2021-02-01,8075.514999999999
Al Merkadh,2021-02-01,18628.24
Wadi Al Safa 5,2021-02-01,4183.05
Al Hebiah Fourth,2021-02-01,5864.82
Al Yelayiss 2,2021-02-01,9646.87
Al Barshaa South Third,2021-02-01,8649.779999999999
Al Khairan First,2021-02-01,7189.495
Me'Aisem First,2021-02-01,10035.38
Hadaeq Sheikh Mohammed Bin Rashid,2021-02-01,12014.61
Nadd Hessa,2021-02-01,6849.32
Marsa Dubai,2021-02-01,11463.18
Madinat Al Mataar,2021-02-01,5261.13
Al Barsha South Fifth,2021-02-01,5438.3
Business Bay,2021-03-01,13454.94
Al Barsha South Fourth,2021-03-01,8457.17
Jabal Ali First,2021-03-01,8842.66
Al Thanyah Fifth,2021-03-01,10653.25
Marsa Dubai,2021-03-01,13802.73
Me'Aisem First,2021-03-01,9952.72
Al Barshaa South Third,2021-03-01,8719.66
Hadaeq Sheikh Mohammed Bin Rashid,2021-03-01,14329.98
Burj Khalifa,2021-03-01,13257.36
Al Hebiah Fourth,2021-03-01,5669.345
Wadi Al Safa 5,2021-03-01,4531.360000000001
Madinat Al Mataar,2021-03-01,5784.675
Nadd Hessa,2021-03-01,5952.38
Al Khairan First,2021-03-01,17516.77
Al Barsha South Fifth,2021-03-01,7566.084999999999
Al Yelayiss 2,2021-03-01,9326.89
Al Merkadh,2021-03-01,16687.614999999998
Marsa Dubai,2021-04-01,16629.46
Hadaeq Sheikh Mohammed Bin Rashid,2021-04-01,13478.96
Al Yelayiss 2,2021-04-01,9279.86
Madinat Al Mataar,2021-04-01,5940.365
Al Barshaa South Third,2021-04-01,8610.619999999999
Business Bay,2021-04-01,12916.71
Al Thanyah Fifth,2021-04-01,10453.945
Al Merkadh,2021-04-01,15917.84
Al Barsha South Fifth,2021-04-01,11170.0
Nadd Hessa,2021-04-01,6155.11
Al Khairan First,2021-04-01,12596.75
Al Barsha South Fourth,2021-04-01,7872.0650000000005
Me'Aisem First,2021-04-01,9684.07
Burj Khalifa,2021-04-01,14528.25
Al Hebiah Fourth,2021-04-01,5274.26
Wadi Al Safa 5,2021-04-01,4601.36
Jabal Ali First,2021-04-01,6708.19
Hadaeq Sheikh Mohammed Bin Rashid,2021-05-01,16375.974999999999
Al Barsha South Fourth,2021-05-01,7907.48
Al Barshaa South Third,2021-05-01,8722.474999999999
Business Bay,2021-05-01,12916.66
Al Hebiah Fourth,2021-05-01,6234.955
Madinat Al Mataar,2021-05-01,5761.9
Al Barsha South Fifth,2021-05-01,9256.78
Wadi Al Safa 5,2021-05-01,5609.76
Jabal Ali First,2021-05-01,7935.57
Marsa Dubai,2021-05-01,15626.65
Al Yelayiss 2,2021-05-01,10105.95
Al Merkadh,2021-05-01,17402.575
Burj Khalifa,2021-05-01,16572.370000000003
Nadd Hessa,2021-05-01,5725.485000000001
Al Thanyah Fifth,2021-05-01,10817.55
Me'Aisem First,2021-05-01,10604.45
Al Khairan First,2021-05-01,13954.79
Nadd Hessa,2021-06-01,5916.82
Jabal Ali First,2021-06-01,8712.76
Al Khairan First,2021-06-01,12673.88
Al Hebiah Fourth,2021-06-01,5961.46
Madinat Al Mataar,2021-06-01,6835.49
Wadi Al Safa 5,2021-06-01,4923.915
Al Merkadh,2021-06-01,16880.49
Al Barsha South Fourth,2021-06-01,8756.68
Al Thanyah Fifth,2021-06-01,10836.83
Business Bay,2021-06-01,14368.895
Me'Aisem First,2021-06-01,10452.59
Hadaeq Sheikh Mohammed Bin Rashid,2021-06-01,14718.805
Al Yelayiss 2,2021-06-01,9431.39
Burj Khalifa,2021-06-01,16325.48
Marsa Dubai,2021-06-01,14679.665
Al Barshaa South Third,2021-06-01,8771.51
Al Barsha South Fifth,2021-06-01,6102.29
Al Yelayiss 2,2021-07-01,10412.055
Al Merkadh,2021-07-01,17397.2
Wadi Al Safa 5,2021-07-01,5839.76
Marsa Dubai,2021-07-01,21165.19
Al Barsha South Fifth,2021-07-01,8228.78
Madinat Al Mataar,2021-07-01,7263.92
Me'Aisem First,2021-07-01,10628.395
Nadd Hessa,2021-07-01,5883.71
Al Thanyah Fifth,2021-07-01,10639.05
Al Hebiah Fourth,2021-07-01,5940.094999999999
Business Bay,2021-07-01,16094.31
Al Barsha South Fourth,2021-07-01,8613.69
Al Khairan First,2021-07-01,9698.075
Hadaeq Sheikh Mohammed Bin Rashid,2021-07-01,12393.49
Al Barshaa South Third,2021-07-01,9415.44
Burj Khalifa,2021-07-01,15836.53
Jabal Ali First,2021-07-01,7817.59
Jabal Ali First,2021-08-01,7764.9
Me'Aisem First,2021-08-01,9904.494999999999
Al Thanyah Fifth,2021-08-01,10630.01
Marsa Dubai,2021-08-01,22053.545
Al Khairan First,2021-08-01,16261.295
Al Hebiah Fourth,2021-08-01,6707.97
Burj Khalifa,2021-08-01,13541.62
Wadi Al Safa 5,2021-08-01,8415.15
Al Yelayiss 2,2021-08-01,10298.98
Business Bay,2021-08-01,17614.02
Al Barshaa South Third,2021-08-01,9708.74
Hadaeq Sheikh Mohammed Bin Rashid,2021-08-01,14333.335
Al Barsha South Fourth,2021-08-01,9415.49
Madinat Al Mataar,2021-08-01,7485.445
Nadd Hessa,2021-08-01,4712.18
Al Merkadh,2021-08-01,17824.300000000003
Al Barsha South Fifth,2021-08-01,9974.14
Al Barsha South Fifth,2021-09-01,8300.34
Nadd Hessa,2021-09-01,6625.38
Marsa Dubai,2021-09-01,17785.465
Burj Khalifa,2021-09-01,17973.43
Al Thanyah Fifth,2021-09-01,10831.060000000001
Al Barshaa South Third,2021-09-01,12082.415
Al Merkadh,2021-09-01,18181.105
Madinat Dubai Almelaheyah,2021-09-01,15131.075
Al Khairan First,2021-09-01,17381.739999999998
Hadaeq Sheikh Mohammed Bin Rashid,2021-09-01,15862.6
Wadi Al Safa 5,2021-09-01,8352.78
Jabal Ali First,2021-09-01,7358.975
Business Bay,2021-09-01,16467.18
Al Hebiah Fourth,2021-09-01,6266.594999999999
Al Barsha South Fourth,2021-09-01,8355.57
Madinat Al Mataar,2021-09-01,7863.35
Me'Aisem First,2021-09-01,9182.12
Al Yelayiss 2,2021-09-01,7647.86
Nadd Hessa,2021-10-01,5870.91
Al Barsha South Fourth,2021-10-01,9267.48
Hadaeq Sheikh Mohammed Bin Rashid,2021-10-01,12799.76
Me'Aisem First,2021-10-01,6213.0650000000005
Burj Khalifa,2021-10-01,17808.87
Al Thanyah Fifth,2021-10-01,10007.15
Al Barshaa South Third,2021-10-01,9197.69
Al Hebiah Fourth,2021-10-01,6399.01
Business Bay,2021-10-01,15388.77
Madinat Al Mataar,2021-10-01,7776.77
Marsa Dubai,2021-10-01,18850.325
Wadi Al Safa 5,2021-10-01,7070.82
Al Yelayiss 2,2021-10-01,7681.31
Jabal Ali First,2021-10-01,8035.355
Al Khairan First,2021-10-01,18139.055
Al Merkadh,2021-10-01,17609.65
Al Barsha South Fifth,2021-10-01,6305.32
Jabal Ali First,2021-11-01,7968.28
Madinat Al Mataar,2021-11-01,6308.78
Hadaeq Sheikh Mohammed Bin Rashid,2021-11-01,16255.630000000001
Marsa Dubai,2021-11-01,23040.66
Al Thanyah Fifth,2021-11-01,10435.62
Al Merkadh,2021-11-01,17333.48
Wadi Al Safa 5,2021-11-01,6235.595
Al Barsha South Fifth,2021-11-01,8544.45
Burj Khalifa,2021-11-01,18085.7
Al Barshaa South Third,2021-11-01,11439.404999999999
Me'Aisem First,2021-11-01,6383.61
Al Khairan First,2021-11-01,17929.36
Nadd Hessa,2021-11-01,6463.78
Business Bay,2021-11-01,15113.665
Al Barsha South Fourth,2021-11-01,8653.68
Al Yelayiss 2,2021-11-01,8904.58
Al Hebiah Fourth,2021-11-01,6463.09
Business Bay,2021-12-01,15509.485
Al Barshaa South Third,2021-12-01,11469.295
Hadaeq Sheikh Mohammed Bin Rashid,2021-12-01,14592.32
Al Hebiah Fourth,2021-12-01,6165.23
Al Thanyah Fifth,2021-12-01,10592.125
Nadd Hessa,2021-12-01,6268.365
Al Khairan First,2021-12-01,18439.99
Marsa Dubai,2021-12-01,21268.45
Burj Khalifa,2021-12-01,22122.75
Al Merkadh,2021-12-01,18029.52
Jabal Ali First,2021-12-01,11131.26
Me'Aisem First,2021-12-01,8173.950000000001
Al Yelayiss 2,2021-12-01,7988.28
Al Barsha South Fourth,2021-12-01,9170.62
Wadi Al Safa 5,2021-12-01,6554.24
Al Barsha South Fifth,2021-12-01,8611.2
Madinat Al Mataar,2021-12-01,7936.51
Hadaeq Sheikh Mohammed Bin Rashid,2022-01-01,16267.19
Nadd Hessa,2022-01-01,6245.94
Al Thanyah Fifth,2022-01-01,10519.58
Al Khairan First,2022-01-01,19211.625
Al Yelayiss 2,2022-01-01,7756.005
Al Hebiah Fourth,2022-01-01,6300.965
Al Merkadh,2022-01-01,17958.65
Madinat Al Mataar,2022-01-01,7597.675
Marsa Dubai,2022-01-01,23507.87
Al Barsha South Fourth,2022-01-01,9400.03
Jabal Ali First,2022-01-01,10776.395
Burj Khalifa,2022-01-01,19888.055
Al Barsha South Fifth,2022-01-01,9488.45
Business Bay,2022-01-01,15809.08
Me'Aisem First,2022-01-01,10946.89
Al Barshaa South Third,2022-01-01,12458.22
Wadi Al Safa 5,2022-01-01,5743.54
Nadd Hessa,2022-02-01,6539.95
Al Thanyah Fifth,2022-02-01,10145.76
Al Barsha South Fifth,2022-02-01,10083.3
Al Merkadh,2022-02-01,15838.93
Madinat Dubai Almelaheyah,2022-02-01,19843.48
Marsa Dubai,2022-02-01,16805.815000000002
Hadaeq Sheikh Mohammed Bin Rashid,2022-02-01,16471.61
Jabal Ali First,2022-02-01,10062.4
Al Khairan First,2022-02-01,19685.56
Al Barsha South Fourth,2022-02-01,8832.04
Al Hebiah Fourth,2022-02-01,5785.375
Burj Khalifa,2022-02-01,16363.09
Business Bay,2022-02-01,17062.585
Wadi Al Safa 5,2022-02-01,6124.45
Me'Aisem First,2022-02-01,7805.93
Al Barshaa South Third,2022-02-01,12811.435000000001
Al Yelayiss 2,2022-02-01,7316.52
Madinat Al Mataar,2022-02-01,6852.84
Al Barsha South Fourth,2022-03-01,10316.32
Business Bay,2022-03-01,17533.83
Jabal Ali First,2022-03-01,10139.09
Wadi Al Safa 5,2022-03-01,8180.58
Al Barshaa South Third,2022-03-01,10236.22
Me'Aisem First,2022-03-01,7991.62
Marsa Dubai,2022-03-01,17189.16
Hadaeq Sheikh Mohammed Bin Rashid,2022-03-01,16323.87
Al Khairan First,2022-03-01,17938.41
Al Hebiah Fourth,2022-03-01,6628.65
Al Barsha South Fifth,2022-03-01,9230.404999999999
Al Thanyah Fifth,2022-03-01,9987.41
Al Yelayiss 2,2022-03-01,7271.85
Burj Khalifa,2022-03-01,20863.26
Nadd Hessa,2022-03-01,5711.889999999999
Al Merkadh,2022-03-01,18121.480000000003
Madinat Al Mataar,2022-03-01,7534.82
Al Yelayiss 2,2022-04-01,7656.19
Al Merkadh,2022-04-01,18298.63
Me'Aisem First,2022-04-01,10356.61
Marsa Dubai,2022-04-01,17335.04
Wadi Al Safa 5,2022-04-01,5837.17
Al Khairan First,2022-04-01,18380.08
Nadd Hessa,2022-04-01,5948.745
Hadaeq Sheikh Mohammed Bin Rashid,2022-04-01,15819.310000000001
Al Barsha South Fifth,2022-04-01,9717.5
Al Thanyah Fifth,2022-04-01,9666.435
Burj Khalifa,2022-04-01,24432.879999999997
Al Barsha South Fourth,2022-04-01,10201.98
Madinat Al Mataar,2022-04-01,6138.61
Al Hebiah Fourth,2022-04-01,6392.11
Jabal Ali First,2022-04-01,9433.130000000001
Al Barshaa South Third,2022-04-01,12600.91
Business Bay,2022-04-01,18194.82
Wadi Al Safa 5,2022-05-01,5049.63
Al Khairan First,2022-05-01,19338.93
Al Barsha South Fifth,2022-05-01,11302.08
Madinat Al Mataar,2022-05-01,6388.19
Al Barshaa South Third,2022-05-01,12391.575
Al Hebiah Fourth,2022-05-01,5192.215
Nadd Hessa,2022-05-01,5704.535
Madinat Dubai Almelaheyah,2022-05-01,16203.7
Al Merkadh,2022-05-01,18298.645
Al Barsha South Fourth,2022-05-01,9963.05
Al Thanyah Fifth,2022-05-01,11302.09
Jabal Ali First,2022-05-01,9374.92
Marsa Dubai,2022-05-01,15203.15
Al Yelayiss 2,2022-05-01,8447.39
Business Bay,2022-05-01,18522.135000000002
Hadaeq Sheikh Mohammed Bin Rashid,2022-05-01,14624.84
Me'Aisem First,2022-05-01,10850.76
Burj Khalifa,2022-05-01,27129.405
Burj Khalifa,2022-06-01,24705.14
Al Yelayiss 2,2022-06-01,7946.9349999999995
Al Merkadh,2022-06-01,17647.16
Al Khairan First,2022-06-01,19214.07
Jabal Ali First,2022-06-01,9970.085
Hadaeq Sheikh Mohammed Bin Rashid,2022-06-01,16379.43
Al Hebiah Fourth,2022-06-01,6179.07
Al Barshaa South Third,2022-06-01,11752.06
Al Barsha South Fourth,2022-06-01,9995.66
Business Bay,2022-06-01,17782.29
Wadi Al Safa 5,2022-06-01,7777.32
Madinat Al Mataar,2022-06-01,6570.9
Al Barsha South Fifth,2022-06-01,10400.155
Marsa Dubai,2022-06-01,17883.76
Nadd Hessa,2022-06-01,5933.43
Me'Aisem First,2022-06-01,7531.45
Madinat Dubai Almelaheyah,2022-06-01,16986.72
Al Thanyah Fifth,2022-06-01,9954.195
Hadaeq Sheikh Mohammed Bin Rashid,2022-07-01,16579.395
Wadi Al Safa 5,2022-07-01,7514.53
Madinat Al Mataar,2022-07-01,6614.23
Al Khairan First,2022-07-01,18083.595
Business Bay,2022-07-01,18114.86
Al Barsha South Fourth,2022-07-01,9796.075
Al Barshaa South Third,2022-07-01,10455.125
Madinat Dubai Almelaheyah,2022-07-01,18571.04
Al Yelayiss 2,2022-07-01,7891.52
Al Merkadh,2022-07-01,16806.72
Burj Khalifa,2022-07-01,24368.67
Nadd Hessa,2022-07-01,6234.72
Jabal Ali First,2022-07-01,10793.65
Al Barsha South Fifth,2022-07-01,9687.5
Me'Aisem First,2022-07-01,10180.86
Al Thanyah Fifth,2022-07-01,9968.75
Al Hebiah Fourth,2022-07-01,6476.88
Marsa Dubai,2022-07-01,17267.06
Al Barsha South Fifth,2022-08-01,6668.01
Wadi Al Safa 5,2022-08-01,7391.77
Madinat Al Mataar,2022-08-01,6920.48
Al Thanyah Fifth,2022-08-01,9999.23
Al Khairan First,2022-08-01,18670.065000000002
Business Bay,2022-08-01,18909.11
Al Barsha South Fourth,2022-08-01,10536.38
Marsa Dubai,2022-08-01,21808.51
Nadd Hessa,2022-08-01,6093.924999999999
Al Barshaa South Third,2022-08-01,11922.61
Me'Aisem First,2022-08-01,10310.395
Madinat Dubai Almelaheyah,2022-08-01,18635.37
Al Merkadh,2022-08-01,16392.91
Al Hebiah Fourth,2022-08-01,5801.69
Hadaeq Sheikh Mohammed Bin Rashid,2022-08-01,14804.845
Jabal Ali First,2022-08-01,10820.49
Burj Khalifa,2022-08-01,26623.95
Al Yelayiss 2,2022-08-01,7264.3
Nadd Hessa,2022-09-01,6011.5
Jabal Ali First,2022-09-01,11424.35
Me'Aisem First,2022-09-01,8072.89
Al Barshaa South Third,2022-09-01,12485.23
Al Hebiah Fourth,2022-09-01,6107.25
Hadaeq Sheikh Mohammed Bin Rashid,2022-09-01,19165.08
Al Barsha South Fourth,2022-09-01,9858.41
Business Bay,2022-09-01,21227.085
Burj Khalifa,2022-09-01,20752.27
Wadi Al Safa 5,2022-09-01,7557.645
Al Barsha South Fifth,2022-09-01,10261.19
Al Merkadh,2022-09-01,16550.309999999998
Madinat Al Mataar,2022-09-01,7356.38
Al Khairan First,2022-09-01,20766.445
Al Yelayiss 2,2022-09-01,8486.295
Al Thanyah Fifth,2022-09-01,9792.715
Marsa Dubai,2022-09-01,17820.77
Madinat Dubai Almelaheyah,2022-09-01,17131.485
Al Thanyah Fifth,2022-10-01,10194.53
Burj Khalifa,2022-10-01,21369.92
Al Yelayiss 2,2022-10-01,8579.71
Al Barsha South Fifth,2022-10-01,10345.585
Hadaeq Sheikh Mohammed Bin Rashid,2022-10-01,18847.1
Business Bay,2022-10-01,23328.34
Nadd Hessa,2022-10-01,6697.36
Madinat Dubai Almelaheyah,2022-10-01,17113.79
Al Merkadh,2022-10-01,18630.91
Me'Aisem First,2022-10-01,6885.02
Marsa Dubai,2022-10-01,19359.98
Al Barsha South Fourth,2022-10-01,9321.11
Wadi Al Safa 5,2022-10-01,7483.06
Madinat Al Mataar,2022-10-01,7258.415
Al Khairan First,2022-10-01,18207.08
Jabal Ali First,2022-10-01,10699.189999999999
Al Hebiah Fourth,2022-10-01,6595.02
Al Barshaa South Third,2022-10-01,12150.8
Marsa Dubai,2022-11-01,22243.760000000002
Business Bay,2022-11-01,18738.25
Burj Khalifa,2022-11-01,21657.64
Al Barshaa South Third,2022-11-01,10660.72
Madinat Dubai Almelaheyah,2022-11-01,17979.73
Wadi Al Safa 5,2022-11-01,7776.915
Al Barsha South Fourth,2022-11-01,9634.98
Madinat Al Mataar,2022-11-01,7550.215
Al Barsha South Fifth,2022-11-01,11168.28
Al Hebiah Fourth,2022-11-01,6343.375
Me'Aisem First,2022-11-01,7256.755
Jabal Ali First,2022-11-01,11830.51
Nadd Hessa,2022-11-01,10765.57
Al Khairan First,2022-11-01,18070.01
Al Thanyah Fifth,2022-11-01,11919.19
Al Merkadh,2022-11-01,20495.86
Al Yelayiss 2,2022-11-01,8383.51
Hadaeq Sheikh Mohammed Bin Rashid,2022-11-01,18980.8
Business Bay,2022-12-01,21255.655
Al Merkadh,2022-12-01,19913.14
Madinat Dubai Almelaheyah,2022-12-01,19707.98
Burj Khalifa,2022-12-01,21962.16
Jabal Ali First,2022-12-01,9852.285
Al Barsha South Fourth,2022-12-01,10175.29
Al Khairan First,2022-12-01,20379.77
Al Barshaa South Third,2022-12-01,10583.98
Madinat Al Mataar,2022-12-01,7490.6
Marsa Dubai,2022-12-01,22961.68
Al Yelayiss 2,2022-12-01,8744.099999999999
Al Thanyah Fifth,2022-12-01,10980.13
Hadaeq Sheikh Mohammed Bin Rashid,2022-12-01,18235.945
Wadi Al Safa 5,2022-12-01,8333.01
Me'Aisem First,2022-12-01,7970.3
Al Hebiah Fourth,2022-12-01,6432.67
Nadd Hessa,2022-12-01,8385.09
Al Barsha South Fifth,2022-12-01,11513.705
Al Khairan First,2023-01-01,21570.62
Business Bay,2023-01-01,22604.21
Al Hebiah Fourth,2023-01-01,6422.16
Al Yelayiss 2,2023-01-01,13302.3
Al Thanyah Fifth,2023-01-01,11750.15
Burj Khalifa,2023-01-01,25636.41
Marsa Dubai,2023-01-01,18390.21
Madinat Dubai Almelaheyah,2023-01-01,19662.85
Al Barsha South Fourth,2023-01-01,11438.35
Nadd Hessa,2023-01-01,8010.105
Hadaeq Sheikh Mohammed Bin Rashid,2023-01-01,20045.2
Al Barshaa South Third,2023-01-01,10565.11
Me'Aisem First,2023-01-01,6647.48
Wadi Al Safa 5,2023-01-01,8417.455
Madinat Al Mataar,2023-01-01,7387.13
Jabal Ali First,2023-01-01,9891.48
Al Barsha South Fifth,2023-01-01,11641.96
Al Merkadh,2023-01-01,19375.04
Madinat Dubai Almelaheyah,2023-02-01,19594.025
Marsa Dubai,2023-02-01,22296.285
Business Bay,2023-02-01,22169.9
Al Yelayiss 2,2023-02-01,12592.08
Wadi Al Safa 5,2023-02-01,8565.23
Me'Aisem First,2023-02-01,7602.63
Madinat Al Mataar,2023-02-01,6851.45
Al Khairan First,2023-02-01,20746.690000000002
Al Barsha South Fifth,2023-02-01,11428.97
Jabal Ali First,2023-02-01,9880.555
Al Barshaa South Third,2023-02-01,11197.335
Nadd Hessa,2023-02-01,6875.69
Al Barsha South Fourth,2023-02-01,11295.99
Al Hebiah Fourth,2023-02-01,6870.055
Hadaeq Sheikh Mohammed Bin Rashid,2023-02-01,18937.34
Al Merkadh,2023-02-01,18785.485
Burj Khalifa,2023-02-01,24028.805
Al Thanyah Fifth,2023-02-01,11361.42
Me'Aisem First,2023-03-01,10341.89
Al Yelayiss 2,2023-03-01,11091.0
Hadaeq Sheikh Mohammed Bin Rashid,2023-03-01,20783.94
Jabal Ali First,2023-03-01,10304.580000000002
Madinat Al Mataar,2023-03-01,7610.33
Al Barshaa South Third,2023-03-01,11105.345
Wadi Al Safa 5,2023-03-01,8341.56
Nadd Hessa,2023-03-01,6585.76
Al Barsha South Fifth,2023-03-01,11290.8
Al Hebiah Fourth,2023-03-01,6327.72
Madinat Dubai Almelaheyah,2023-03-01,19265.379999999997
Al Thanyah Fifth,2023-03-01,11664.07
Marsa Dubai,2023-03-01,23934.35
Al Khairan First,2023-03-01,21671.275
Burj Khalifa,2023-03-01,23620.72
Al Barsha South Fourth,2023-03-01,11163.29
Al Merkadh,2023-03-01,19375.07
Business Bay,2023-03-01,22425.85
Marsa Dubai,2023-04-01,20600.91
Al Hebiah Fourth,2023-04-01,6410.135
Madinat Dubai Almelaheyah,2023-04-01,18586.04
Al Khairan First,2023-04-01,22107.58
Al Barsha South Fourth,2023-04-01,11504.5
Al Barsha South Fifth,2023-04-01,8464.61
Nadd Hessa,2023-04-01,6966.61
Wadi Al Safa 5,2023-04-01,8195.755
Al Merkadh,2023-04-01,18229.74
Al Thanyah Fifth,2023-04-01,11419.83
Business Bay,2023-04-01,20934.37
Jabal Ali First,2023-04-01,10786.279999999999
Madinat Al Mataar,2023-04-01,7663.92
Al Yelayiss 2,2023-04-01,11024.11
Al Barshaa South Third,2023-04-01,11488.535
Me'Aisem First,2023-04-01,10995.8
Burj Khalifa,2023-04-01,21029.62
Hadaeq Sheikh Mohammed Bin Rashid,2023-04-01,21910.03
Al Barsha South Fifth,2023-05-01,12205.645
Al Hebiah Fourth,2023-05-01,7034.6849999999995
Me'Aisem First,2023-05-01,9508.8
Al Merkadh,2023-05-01,18970.21
Madinat Dubai Almelaheyah,2023-05-01,18841.55
Al Yelayiss 2,2023-05-01,10378.94
Al Khairan First,2023-05-01,20938.29
Jabal Ali First,2023-05-01,10179.39
Al Thanyah Fifth,2023-05-01,13734.13
Madinat Al Mataar,2023-05-01,7190.52
Al Barsha South Fourth,2023-05-01,11302.1
Wadi Al Safa 5,2023-05-01,8548.21
Nadd Hessa,2023-05-01,7734.65
Burj Khalifa,2023-05-01,22183.45
Marsa Dubai,2023-05-01,36362.44
Al Barshaa South Third,2023-05-01,14529.065
Business Bay,2023-05-01,17159.795
Hadaeq Sheikh Mohammed Bin Rashid,2023-05-01,19438.27
Al Khairan First,2023-06-01,21853.465
Al Merkadh,2023-06-01,16829.295
Nadd Hessa,2023-06-01,6941.195
Me'Aisem First,2023-06-01,9187.405
Al Barsha South Fifth,2023-06-01,11176.47
Wadi Al Safa 5,2023-06-01,8612.465
Madinat Al Mataar,2023-06-01,8029.72
Marsa Dubai,2023-06-01,34133.17
Al Yelayiss 2,2023-06-01,10799.07
Business Bay,2023-06-01,17868.96
Hadaeq Sheikh Mohammed Bin Rashid,2023-06-01,19956.57
Madinat Dubai Almelaheyah,2023-06-01,19627.345
Jabal Ali First,2023-06-01,10771.21
Al Barsha South Fourth,2023-06-01,11692.49
Al Hebiah Fourth,2023-06-01,7322.945
Burj Khalifa,2023-06-01,21111.895
Al Thanyah Fifth,2023-06-01,21632.44
Al Barshaa South Third,2023-06-01,13901.05
Nadd Hessa,2023-07-01,6467.89
Madinat Dubai Almelaheyah,2023-07-01,20910.114999999998
Wadi Al Safa 5,2023-07-01,10009.5
Me'Aisem First,2023-07-01,10208.98
Marsa Dubai,2023-07-01,20161.29
Burj Khalifa,2023-07-01,19988.97
Madinat Al Mataar,2023-07-01,8977.675
Al Hebiah Fourth,2023-07-01,8078.13
Al Merkadh,2023-07-01,19375.059999999998
Jabal Ali First,2023-07-01,10382.685000000001
Al Barshaa South Third,2023-07-01,12940.88
Al Thanyah Fifth,2023-07-01,22131.295
Business Bay,2023-07-01,20774.84
Hadaeq Sheikh Mohammed Bin Rashid,2023-07-01,20471.13
Al Yelayiss 2,2023-07-01,10470.375
Al Khairan First,2023-07-01,22666.025
Al Barsha South Fifth,2023-07-01,11742.130000000001
Al Barsha South Fourth,2023-07-01,11855.93
Me'Aisem First,2023-08-01,10172.835
Marsa Dubai,2023-08-01,17375.68
Al Merkadh,2023-08-01,19913.09
Al Hebiah Fourth,2023-08-01,7714.215
Jabal Ali First,2023-08-01,10387.154999999999
Al Barshaa South Third,2023-08-01,14899.380000000001
Al Barsha South Fourth,2023-08-01,12315.35
Al Yelayiss 2,2023-08-01,11163.11
Nadd Hessa,2023-08-01,6568.035
Al Thanyah Fifth,2023-08-01,17982.095
Wadi Al Safa 5,2023-08-01,9472.63
Burj Khalifa,2023-08-01,23036.65
Al Khairan First,2023-08-01,22591.1
Hadaeq Sheikh Mohammed Bin Rashid,2023-08-01,20233.24
Madinat Dubai Almelaheyah,2023-08-01,20732.69
Al Barsha South Fifth,2023-08-01,18893.879999999997
Madinat Al Mataar,2023-08-01,15240.14
Business Bay,2023-08-01,27394.72
Madinat Al Mataar,2023-09-01,9399.8
Al Merkadh,2023-09-01,19918.45
Al Khairan First,2023-09-01,22509.44
Jabal Ali First,2023-09-01,10495.97
Al Thanyah Fifth,2023-09-01,17040.129999999997
Hadaeq Sheikh Mohammed Bin Rashid,2023-09-01,21358.15
Me'Aisem First,2023-09-01,8559.43
Al Yelayiss 2,2023-09-01,11226.62
Burj Khalifa,2023-09-01,20920.5
Marsa Dubai,2023-09-01,17399.56
Wadi Al Safa 5,2023-09-01,9166.064999999999
Nadd Hessa,2023-09-01,8288.7
Business Bay,2023-09-01,25687.87
Al Barsha South Fourth,2023-09-01,13211.99
Al Barshaa South Third,2023-09-01,14739.279999999999
Madinat Dubai Almelaheyah,2023-09-01,21803.485
Al Barsha South Fifth,2023-09-01,18304.65
Al Hebiah Fourth,2023-09-01,8020.695
Nadd Hessa,2023-10-01,7144.43
Al Barsha South Fourth,2023-10-01,12911.97
Burj Khalifa,2023-10-01,25353.84
Me'Aisem First,2023-10-01,8388.86
Al Merkadh,2023-10-01,18157.52
Al Khairan First,2023-10-01,20919.02
Al Barsha South Fifth,2023-10-01,17407.77
Business Bay,2023-10-01,21241.185
Wadi Al Safa 5,2023-10-01,8598.82
Madinat Dubai Almelaheyah,2023-10-01,20651.6
Al Hebiah Fourth,2023-10-01,8466.545
Al Yelayiss 2,2023-10-01,10864.86
Marsa Dubai,2023-10-01,24894.2
Madinat Al Mataar,2023-10-01,7722.37
Jabal Ali First,2023-10-01,12234.79
Hadaeq Sheikh Mohammed Bin Rashid,2023-10-01,21638.905
Al Barshaa South Third,2023-10-01,12291.34
Al Thanyah Fifth,2023-10-01,14508.735
Jabal Ali First,2023-11-01,12423.625
Al Merkadh,2023-11-01,18329.08
Al Barshaa South Third,2023-11-01,12853.41
Nadd Hessa,2023-11-01,6673.93
Al Barsha South Fourth,2023-11-01,13232.55
Al Yelayiss 2,2023-11-01,11703.505000000001
Al Khairan First,2023-11-01,21558.085
Wadi Al Safa 5,2023-11-01,8691.83
Burj Khalifa,2023-11-01,27433.38
Madinat Dubai Almelaheyah,2023-11-01,19755.16
Business Bay,2023-11-01,22157.989999999998
Madinat Al Mataar,2023-11-01,15460.39
Marsa Dubai,2023-11-01,15327.63
Hadaeq Sheikh Mohammed Bin Rashid,2023-11-01,22174.24
Al Hebiah Fourth,2023-11-01,8266.555
Me'Aisem First,2023-11-01,10047.955
Al Thanyah Fifth,2023-11-01,12662.62
Al Barsha South Fifth,2023-11-01,13235.07
Al Thanyah Fifth,2023-12-01,16366.61
Wadi Al Safa 5,2023-12-01,7841.014999999999
Al Barsha South Fifth,2023-12-01,12422.61
Madinat Dubai Almelaheyah,2023-12-01,23093.105
Me'Aisem First,2023-12-01,9716.33
Al Yelayiss 2,2023-12-01,12471.01
Al Merkadh,2023-12-01,20720.714999999997
Nadd Hessa,2023-12-01,7474.015
Al Hebiah Fourth,2023-12-01,8432.54
Marsa Dubai,2023-12-01,17890.59
Madinat Al Mataar,2023-12-01,15122.62
Al Barsha South Fourth,2023-12-01,12996.7
Business Bay,2023-12-01,23547.52
Burj Khalifa,2023-12-01,25081.02
Al Barshaa South Third,2023-12-01,11794.0
Jabal Ali First,2023-12-01,10948.775
Al Khairan First,2023-12-01,21311.54
Hadaeq Sheikh Mohammed Bin Rashid,2023-12-01,22768.68
Al Yelayiss 2,2024-01-01,12383.855
Al Barsha South Fifth,2024-01-01,13634.62
Business Bay,2024-01-01,23872.165
Al Barsha South Fourth,2024-01-01,13599.81
Marsa Dubai,2024-01-01,17821.07
Wadi Al Safa 5,2024-01-01,5901.945
Al Barshaa South Third,2024-01-01,12979.84
Nadd Hessa,2024-01-01,8486.925
Madinat Al Mataar,2024-01-01,16398.22
Al Hebiah Fourth,2024-01-01,9227.24
Al Khairan First,2024-01-01,21998.53
Hadaeq Sheikh Mohammed Bin Rashid,2024-01-01,22944.48
Jabal Ali First,2024-01-01,11941.654999999999
Al Merkadh,2024-01-01,19336.07
Burj Khalifa,2024-01-01,26350.394999999997
Me'Aisem First,2024-01-01,9576.54
Madinat Dubai Almelaheyah,2024-01-01,22642.27
Al Thanyah Fifth,2024-01-01,17793.25
Madinat Dubai Almelaheyah,2024-02-01,27113.6
Madinat Al Mataar,2024-02-01,9169.875
Me'Aisem First,2024-02-01,10211.145
Nadd Hessa,2024-02-01,9348.98
Al Barsha South Fifth,2024-02-01,13703.21
Wadi Al Safa 5,2024-02-01,8117.42
Al Hebiah Fourth,2024-02-01,9038.9
Al Barshaa South Third,2024-02-01,13959.05
Al Khairan First,2024-02-01,23729.095
Marsa Dubai,2024-02-01,19176.175000000003
Burj Khalifa,2024-02-01,22273.23
Al Yelayiss 2,2024-02-01,12683.16
Business Bay,2024-02-01,22477.835
Jabal Ali First,2024-02-01,11199.45
Al Barsha South Fourth,2024-02-01,13229.99
Al Merkadh,2024-02-01,18022.9
Al Thanyah Fifth,2024-02-01,14331.44
Hadaeq Sheikh Mohammed Bin Rashid,2024-02-01,22704.335
Burj Khalifa,2024-03-01,23574.14
Me'Aisem First,2024-03-01,10255.279999999999
Al Thanyah Fifth,2024-03-01,13987.224999999999
Wadi Al Safa 5,2024-03-01,8889.645
Al Merkadh,2024-03-01,17481.765
Al Khairan First,2024-03-01,23368.395
Al Hebiah Fourth,2024-03-01,15111.875
Nadd Hessa,2024-03-01,8965.314999999999
Al Barshaa South Third,2024-03-01,13681.2
Al Barsha South Fourth,2024-03-01,13235.14
Al Yelayiss 2,2024-03-01,12257.529999999999
Business Bay,2024-03-01,24841.44
Al Barsha South Fifth,2024-03-01,13856.3
Madinat Al Mataar,2024-03-01,15550.71
Jabal Ali First,2024-03-01,12600.48
Madinat Dubai Almelaheyah,2024-03-01,26151.36
Hadaeq Sheikh Mohammed Bin Rashid,2024-03-01,22049.935
Marsa Dubai,2024-03-01,19712.86
Al Barsha South Fourth,2024-04-01,13519.16
Al Khairan First,2024-04-01,23524.765
Al Barshaa South Third,2024-04-01,13827.775000000001
Marsa Dubai,2024-04-01,19712.895
Al Merkadh,2024-04-01,17753.2
Madinat Al Mataar,2024-04-01,9349.95
Me'Aisem First,2024-04-01,10672.7
Nadd Hessa,2024-04-01,8592.3
Madinat Dubai Almelaheyah,2024-04-01,25134.0
Al Yelayiss 2,2024-04-01,12117.47
Jabal Ali First,2024-04-01,12749.83
Al Barsha South Fifth,2024-04-01,13152.825
Wadi Al Safa 5,2024-04-01,10535.64
Burj Khalifa,2024-04-01,24046.699999999997
Hadaeq Sheikh Mohammed Bin Rashid,2024-04-01,23346.0
Al Hebiah Fourth,2024-04-01,14979.130000000001
Business Bay,2024-04-01,24447.885000000002
Al Thanyah Fifth,2024-04-01,13474.99
Al Thanyah Fifth,2024-05-01,15552.1
Burj Khalifa,2024-05-01,21445.42
Al Merkadh,2024-05-01,19163.715
Business Bay,2024-05-01,25395.275
Al Yelayiss 2,2024-05-01,12276.22
Nadd Hessa,2024-05-01,7887.68
Me'Aisem First,2024-05-01,10133.42
Al Barshaa South Third,2024-05-01,13781.2
Hadaeq Sheikh Mohammed Bin Rashid,2024-05-01,24323.82
Wadi Al Safa 5,2024-05-01,10930.46
Al Barsha South Fourth,2024-05-01,13378.085
Al Hebiah Fourth,2024-05-01,10511.564999999999
Madinat Al Mataar,2024-05-01,10473.625
Al Khairan First,2024-05-01,23362.085
Jabal Ali First,2024-05-01,12818.939999999999
Al Barsha South Fifth,2024-05-01,14558.715
Marsa Dubai,2024-05-01,20842.19
Madinat Dubai Almelaheyah,2024-05-01,23246.35
Nadd Hessa,2024-06-01,9221.79
Marsa Dubai,2024-06-01,18817.89
Al Barshaa South Third,2024-06-01,14132.28
Al Yelayiss 2,2024-06-01,13041.97
Jabal Ali First,2024-06-01,12298.9
Me'Aisem First,2024-06-01,10781.67
Madinat Dubai Almelaheyah,2024-06-01,25447.35
Al Barsha South Fifth,2024-06-01,14207.84
Al Thanyah Fifth,2024-06-01,14651.065
Wadi Al Safa 5,2024-06-01,11939.69
Business Bay,2024-06-01,27282.91
Al Merkadh,2024-06-01,19019.61
Al Khairan First,2024-06-01,25107.355
Al Barsha South Fourth,2024-06-01,12920.505000000001
Al Hebiah Fourth,2024-06-01,14842.470000000001
Madinat Al Mataar,2024-06-01,10998.515
Burj Khalifa,2024-06-01,22845.239999999998
Hadaeq Sheikh Mohammed Bin Rashid,2024-06-01,23370.23
Al Khairan First,2024-07-01,26310.87
Me'Aisem First,2024-07-01,13160.78
Al Barsha South Fourth,2024-07-01,13765.73
Madinat Dubai Almelaheyah,2024-07-01,24181.83
Madinat Al Mataar,2024-07-01,11399.515
Al Yelayiss 2,2024-07-01,11742.994999999999
Wadi Al Safa 5,2024-07-01,12743.07
Al Barshaa South Third,2024-07-01,14340.59
Jabal Ali First,2024-07-01,11868.57
Al Hebiah Fourth,2024-07-01,11827.46
Al Thanyah Fifth,2024-07-01,13137.15
Al Barsha South Fifth,2024-07-01,14929.715
Business Bay,2024-07-01,24931.22
Hadaeq Sheikh Mohammed Bin Rashid,2024-07-01,25714.385000000002
Nadd Hessa,2024-07-01,8893.67
Marsa Dubai,2024-07-01,17017.24
Al Merkadh,2024-07-01,19414.315000000002
Burj Khalifa,2024-07-01,19594.02
Al Thanyah Fifth,2024-08-01,15699.83
Al Barshaa South Third,2024-08-01,14421.615
Jabal Ali First,2024-08-01,12554.34
Madinat Dubai Almelaheyah,2024-08-01,25853.23
Al Barsha South Fifth,2024-08-01,14763.08
Al Merkadh,2024-08-01,18870.285
Al Hebiah Fourth,2024-08-01,14369.470000000001
Al Khairan First,2024-08-01,28079.77
Marsa Dubai,2024-08-01,19901.8
Al Barsha South Fourth,2024-08-01,14747.91
Madinat Al Mataar,2024-08-01,12395.41
Me'Aisem First,2024-08-01,12603.93
Burj Khalifa,2024-08-01,26218.82
Hadaeq Sheikh Mohammed Bin Rashid,2024-08-01,23035.61
Nadd Hessa,2024-08-01,8837.83
Al Yelayiss 2,2024-08-01,12531.45
Business Bay,2024-08-01,25578.34
Wadi Al Safa 5,2024-08-01,13328.48
Madinat Al Mataar,2024-09-01,14835.16
Hadaeq Sheikh Mohammed Bin Rashid,2024-09-01,24132.0
Nadd Hessa,2024-09-01,9449.56
Al Hebiah Fourth,2024-09-01,9794.18
Me'Aisem First,2024-09-01,11726.97
Al Merkadh,2024-09-01,20030.519999999997
Wadi Al Safa 5,2024-09-01,12593.82
Al Barsha South Fourth,2024-09-01,13780.96
Al Khairan First,2024-09-01,27178.165
Al Yelayiss 2,2024-09-01,13083.15
Madinat Dubai Almelaheyah,2024-09-01,24052.31
Al Barshaa South Third,2024-09-01,13713.67
Jabal Ali First,2024-09-01,12632.755000000001
Burj Khalifa,2024-09-01,26172.05
Al Barsha South Fifth,2024-09-01,15056.125
Marsa Dubai,2024-09-01,20028.42
Al Thanyah Fifth,2024-09-01,16584.61
Business Bay,2024-09-01,23964.4
Al Barsha South Fourth,2024-10-01,13592.535
Marsa Dubai,2024-10-01,19423.58
Burj Khalifa,2024-10-01,24863.055
Hadaeq Sheikh Mohammed Bin Rashid,2024-10-01,25925.55
Madinat Al Mataar,2024-10-01,16871.17
Business Bay,2024-10-01,24985.8
Al Khairan First,2024-10-01,25647.91
Nadd Hessa,2024-10-01,9550.96
Al Hebiah Fourth,2024-10-01,10418.23
Al Yelayiss 2,2024-10-01,12158.75
Me'Aisem First,2024-10-01,13098.545
Madinat Dubai Almelaheyah,2024-10-01,26748.335
Al Merkadh,2024-10-01,19763.364999999998
Al Barshaa South Third,2024-10-01,14385.98
Al Barsha South Fifth,2024-10-01,15422.52
Al Thanyah Fifth,2024-10-01,16217.43
Jabal Ali First,2024-10-01,12954.685000000001
Wadi Al Safa 5,2024-10-01,13185.91
Wadi Al Safa 5,2024-11-01,12834.295
Al Barsha South Fifth,2024-11-01,14841.92
Al Hebiah Fourth,2024-11-01,9381.9
Marsa Dubai,2024-11-01,22702.92
Al Merkadh,2024-11-01,19073.5
Jabal Ali First,2024-11-01,12983.115
Burj Khalifa,2024-11-01,24938.55
Hadaeq Sheikh Mohammed Bin Rashid,2024-11-01,24050.895
Business Bay,2024-11-01,24456.33
Al Barsha South Fourth,2024-11-01,13850.42
Al Yelayiss 2,2024-11-01,12018.21
Nadd Hessa,2024-11-01,8552.605
Me'Aisem First,2024-11-01,11677.43
Al Barshaa South Third,2024-11-01,13591.064999999999
Al Khairan First,2024-11-01,23657.78
Al Thanyah Fifth,2024-11-01,15986.95
Madinat Al Mataar,2024-11-01,16128.04
Madinat Dubai Almelaheyah,2024-11-01,27028.45
Jabal Ali First,2024-12-01,13251.75
Al Barshaa South Third,2024-12-01,14436.56
Al Hebiah Fourth,2024-12-01,9756.1
Wadi Al Safa 5,2024-12-01,13993.064999999999
Al Barsha South Fifth,2024-12-01,16247.83
Marsa Dubai,2024-12-01,23967.86
Madinat Al Mataar,2024-12-01,17519.74
Burj Khalifa,2024-12-01,23853.21
Al Barsha South Fourth,2024-12-01,13744.785
Al Yelayiss 2,2024-12-01,13020.3
Al Merkadh,2024-12-01,20833.4
Madinat Dubai Almelaheyah,2024-12-01,26914.66
Business Bay,2024-12-01,24658.58
Al Thanyah Fifth,2024-12-01,14840.314999999999
Nadd Hessa,2024-12-01,8457.2
Me'Aisem First,2024-12-01,11878.285
Hadaeq Sheikh Mohammed Bin Rashid,2024-12-01,23779.550000000003
Al Khairan First,2024-12-01,24423.48
Al Barshaa South Third,2025-01-01,13943.945
Al Barsha South Fourth,2025-01-01,14039.195
Nadd Hessa,2025-01-01,8449.955
Jabal Ali First,2025-01-01,13100.0
Al Hebiah Fourth,2025-01-01,8917.97
Madinat Al Mataar,2025-01-01,21442.23
Al Barsha South Fifth,2025-01-01,15390.415
Madinat Dubai Almelaheyah,2025-01-01,28397.0
Al Thanyah Fifth,2025-01-01,15417.515
Business Bay,2025-01-01,24658.57
Burj Khalifa,2025-01-01,24416.8
Al Merkadh,2025-01-01,19802.059999999998
Al Yelayiss 2,2025-01-01,14050.09
Hadaeq Sheikh Mohammed Bin Rashid,2025-01-01,23821.114999999998
Al Khairan First,2025-01-01,23535.74
Marsa Dubai,2025-01-01,23720.3
Wadi Al Safa 5,2025-01-01,13993.07
Me'Aisem First,2025-01-01,11414.415
Hadaeq Sheikh Mohammed Bin Rashid,2025-02-01,24606.425
Madinat Dubai Almelaheyah,2025-02-01,27133.39
Wadi Al Safa 5,2025-02-01,13707.195
Al Barshaa South Third,2025-02-01,13756.945
Al Thanyah Fifth,2025-02-01,15545.52
Business Bay,2025-02-01,24131.27
Al Merkadh,2025-02-01,19925.665
Me'Aisem First,2025-02-01,12725.925
Al Hebiah Fourth,2025-02-01,9198.145
Nadd Hessa,2025-02-01,9562.12
Al Yelayiss 2,2025-02-01,14428.3
Al Khairan First,2025-02-01,24089.81
Al Barsha South Fourth,2025-02-01,14531.35
Marsa Dubai,2025-02-01,26237.48
Burj Khalifa,2025-02-01,23976.29
Al Barsha South Fifth,2025-02-01,15125.42
Jabal Ali First,2025-02-01,13520.96
Madinat Al Mataar,2025-02-01,16055.26
Madinat Al Mataar,2025-03-01,18870.425
Al Khairan First,2025-03-01,23253.56
Wadi Al Safa 5,2025-03-01,12643.64
Nadd Hessa,2025-03-01,10363.45
Al Barsha South Fifth,2025-03-01,15317.244999999999
Hadaeq Sheikh Mohammed Bin Rashid,2025-03-01,25077.739999999998
Madinat Dubai Almelaheyah,2025-03-01,29753.125
Marsa Dubai,2025-03-01,26528.13
Al Barshaa South Third,2025-03-01,13709.695
Me'Aisem First,2025-03-01,13939.27
Al Yelayiss 2,2025-03-01,13865.84
Al Barsha South Fourth,2025-03-01,14929.5
Al Hebiah Fourth,2025-03-01,13225.465
Burj Khalifa,2025-03-01,24793.81
Business Bay,2025-03-01,25724.61
Al Merkadh,2025-03-01,19982.24
Al Thanyah Fifth,2025-03-01,15568.244999999999
Jabal Ali First,2025-03-01,13369.865000000002
Al Barsha South Fourth,2025-04-01,15162.45
Burj Khalifa,2025-04-01,24467.82
Al Barsha South Fifth,2025-04-01,15118.985
Madinat Dubai Almelaheyah,2025-04-01,29652.39
Business Bay,2025-04-01,25378.23
Madinat Al Mataar,2025-04-01,16979.18
Al Barshaa South Third,2025-04-01,14717.119999999999
Al Thanyah Fifth,2025-04-01,15431.55
Nadd Hessa,2025-04-01,9081.51
Al Yelayiss 2,2025-04-01,14114.33
Marsa Dubai,2025-04-01,27070.56
Wadi Al Safa 5,2025-04-01,13193.02
Jabal Ali First,2025-04-01,13913.24
Al Merkadh,2025-04-01,21257.86
Al Khairan First,2025-04-01,23796.89
Hadaeq Sheikh Mohammed Bin Rashid,2025-04-01,25424.66
Al Hebiah Fourth,2025-04-01,10535.7
Me'Aisem First,2025-04-01,14216.66
Al Hebiah Fourth,2025-05-01,10374.06
Al Merkadh,2025-05-01,20633.55
Madinat Al Mataar,2025-05-01,17048.394999999997
Al Yelayiss 2,2025-05-01,14934.11
Al Thanyah Fifth,2025-05-01,15596.66
Jabal Ali First,2025-05-01,13735.145
Burj Khalifa,2025-05-01,24402.77
Al Barshaa South Third,2025-05-01,13952.975
Wadi Al Safa 5,2025-05-01,13124.154999999999
Al Barsha South Fourth,2025-05-01,15210.565
Business Bay,2025-05-01,24275.29
Me'Aisem First,2025-05-01,13873.27
Madinat Dubai Almelaheyah,2025-05-01,32536.61
Marsa Dubai,2025-05-01,23829.15
Al Khairan First,2025-05-01,25622.739999999998
Nadd Hessa,2025-05-01,9345.79
Al Barsha South Fifth,2025-05-01,14592.53
Hadaeq Sheikh Mohammed Bin Rashid,2025-05-01,24262.61
Hadaeq Sheikh Mohammed Bin Rashid,2025-06-01,24983.690000000002
Me'Aisem First,2025-06-01,13495.28
Al Hebiah Fourth,2025-06-01,12516.16
Marsa Dubai,2025-06-01,22950.82
Al Merkadh,2025-06-01,20204.705
Nadd Hessa,2025-06-01,10810.92
Business Bay,2025-06-01,25911.199999999997
Al Khairan First,2025-06-01,26070.665
Al Yelayiss 2,2025-06-01,14157.715
Jabal Ali First,2025-06-01,14188.89
Al Barsha South Fifth,2025-06-01,15256.875
Burj Khalifa,2025-06-01,20665.455
Wadi Al Safa 5,2025-06-01,14135.435000000001
Al Barsha South Fourth,2025-06-01,15509.525
Al Barshaa South Third,2025-06-01,14272.259999999998
Madinat Dubai Almelaheyah,2025-06-01,32775.21
Madinat Al Mataar,2025-06-01,16982.16
Al Thanyah Fifth,2025-06-01,16151.11
Jabal Ali First,2025-07-01,13987.765
Al Yelayiss 2,2025-07-01,13560.155
Al Khairan First,2025-07-01,25185.99
Al Barsha South Fifth,2025-07-01,15517.67
Burj Khalifa,2025-07-01,22022.575
Marsa Dubai,2025-07-01,23485.72
Madinat Al Mataar,2025-07-01,16926.71
Al Barsha South Fourth,2025-07-01,14427.155
Al Hebiah Fourth,2025-07-01,10779.11
Hadaeq Sheikh Mohammed Bin Rashid,2025-07-01,26980.13
Me'Aisem First,2025-07-01,14045.035
Nadd Hessa,2025-07-01,10686.134999999998
Business Bay,2025-07-01,26062.61
Madinat Dubai Almelaheyah,2025-07-01,32237.94
Al Barshaa South Third,2025-07-01,14714.34
Al Thanyah Fifth,2025-07-01,15035.54
Al Merkadh,2025-07-01,20333.67
Wadi Al Safa 5,2025-07-01,14339.27
Madinat Dubai Almelaheyah,2025-08-01,32859.17
Al Barsha South Fifth,2025-08-01,15729.32
Madinat Al Mataar,2025-08-01,14729.08
Al Barsha South Fourth,2025-08-01,15372.615
Al Barshaa South Third,2025-08-01,14222.22
Burj Khalifa,2025-08-01,22350.11
Wadi Al Safa 5,2025-08-01,15198.785
Al Khairan First,2025-08-01,24760.165
Marsa Dubai,2025-08-01,20577.16
Al Merkadh,2025-08-01,20643.269999999997
Al Thanyah Fifth,2025-08-01,16886.41
Al Yelayiss 2,2025-08-01,14277.39
Me'Aisem First,2025-08-01,14033.51
Business Bay,2025-08-01,28518.955
Jabal Ali First,2025-08-01,13929.89
Al Hebiah Fourth,2025-08-01,11774.15
Hadaeq Sheikh Mohammed Bin Rashid,2025-08-01,25013.239999999998
Nadd Hessa,2025-08-01,8099.47
Me'Aisem First,2025-09-01,14411.29
Wadi Al Safa 5,2025-09-01,15382.12
Burj Khalifa,2025-09-01,24217.265
Marsa Dubai,2025-09-01,19949.3
Al Barsha South Fourth,2025-09-01,16037.95
Nadd Hessa,2025-09-01,9631.95
Madinat Dubai Almelaheyah,2025-09-01,32680.155
Al Barsha South Fifth,2025-09-01,16940.52
Madinat Al Mataar,2025-09-01,14819.25
Hadaeq Sheikh Mohammed Bin Rashid,2025-09-01,23917.269999999997
Jabal Ali First,2025-09-01,14236.38
Business Bay,2025-09-01,28767.864999999998
Al Merkadh,2025-09-01,21051.64
Al Yelayiss 2,2025-09-01,15179.83
Al Thanyah Fifth,2025-09-01,15841.24
Al Hebiah Fourth,2025-09-01,10759.825
Al Khairan First,2025-09-01,26815.16
Al Barshaa South Third,2025-09-01,14901.54
Madinat Al Mataar,2025-10-01,14395.39
Al Merkadh,2025-10-01,20752.81
Me'Aisem First,2025-10-01,14087.025
Al Barsha South Fifth,2025-10-01,18060.85
Hadaeq Sheikh Mohammed Bin Rashid,2025-10-01,23765.24
Burj Khalifa,2025-10-01,28687.515
Al Yelayiss 2,2025-10-01,13504.39
Al Khairan First,2025-10-01,25139.4
Business Bay,2025-10-01,25967.58
Jabal Ali First,2025-10-01,14542.77
Nadd Hessa,2025-10-01,10256.78
Marsa Dubai,2025-10-01,18992.81
Wadi Al Safa 5,2025-10-01,15715.22
Al Barshaa South Third,2025-10-01,14864.25
Madinat Dubai Almelaheyah,2025-10-01,33376.21000000001
Al Barsha South Fourth,2025-10-01,15737.08
Al Hebiah Fourth,2025-10-01,10778.27
Al Thanyah Fifth,2025-10-01,16634.16
Al Barsha South Fifth,2025-11-01,17735.375
Hadaeq Sheikh Mohammed Bin Rashid,2025-11-01,25729.684999999998
Jabal Ali First,2025-11-01,14105.23
Madinat Dubai Almelaheyah,2025-11-01,32858.33
Business Bay,2025-11-01,26922.985
Marsa Dubai,2025-11-01,20624.875
Al Thanyah Fifth,2025-11-01,15442.4
Al Yelayiss 2,2025-11-01,16502.02
Madinat Al Mataar,2025-11-01,17465.425
Me'Aisem First,2025-11-01,13720.61
Al Merkadh,2025-11-01,21005.11
Al Khairan First,2025-11-01,27546.07
Al Hebiah Fourth,2025-11-01,11512.75
Nadd Hessa,2025-11-01,9486.42
Al Barshaa South Third,2025-11-01,15360.5
Al Barsha South Fourth,2025-11-01,15463.11
Burj Khalifa,2025-11-01,34356.81
Wadi Al Safa 5,2025-11-01,15825.035
